Date,Open,High,Low,Close,Volume
2021-08-20 00:00:00-04:00,105.40514073451095,105.47046184265461,105.12746994993152,105.14380645751953,2270000
2021-08-23 00:00:00-04:00,105.3316452806513,105.41331536725652,105.25814967937002,105.3888168334961,2436800
2021-08-24 00:00:00-04:00,105.3888168334961,105.55214454560084,105.34798179019349,105.3888168334961,3136100
2021-08-25 00:00:00-04:00,105.41328735608886,105.45412238854048,105.2499596873847,105.34795379638672,4473400
2021-08-26 00:00:00-04:00,105.38880211920714,105.41330064954711,105.26629700640338,105.36430358886719,2627200
2021-08-27 00:00:00-04:00,105.47045976064369,106.17278003981393,105.38880214652396,106.15645599365234,3107000
2021-08-30 00:00:00-04:00,106.28710500481166,106.34427654664258,106.00944670161287,106.1401138305664,2765400
2021-08-31 00:00:00-04:00,106.03395857918039,106.07479361975696,105.73180170890244,105.82979583740234,4555100
2021-09-01 00:00:00-04:00,105.65382006062755,105.8840733422961,105.5962630141418,105.8758544921875,11817000
2021-09-02 00:00:00-04:00,105.85116560836735,105.91695404052734,105.80182742121247,105.91695404052734,2925300
2021-09-03 00:00:00-04:00,105.82647521164718,105.85936314717655,105.72779885720121,105.76890563964844,3100300
2021-09-07 00:00:00-04:00,105.55512889992359,105.6702555246508,105.44822112415511,105.50579071044922,3480300
2021-09-08 00:00:00-04:00,105.81826384934222,105.9909600501737,105.7442565694974,105.93340301513672,2281400
2021-09-09 00:00:00-04:00,106.07320470064177,106.51726095258118,106.00741626556538,106.49259185791016,3040300
2021-09-10 00:00:00-04:00,106.45146315360343,106.5172515828928,106.13898379930374,106.19654083251953,2426500
2021-09-13 00:00:00-04:00,106.45969454967702,106.46791339789074,106.13075240323016,106.19654083251953,3171600
2021-09-14 00:00:00-04:00,106.18010766517384,106.42681117772133,106.11431922530372,106.2541275024414,3987700
2021-09-15 00:00:00-04:00,106.46792198907832,106.50904132918468,106.20476825068623,106.31167602539062,2575600
2021-09-16 00:00:00-04:00,106.15543000731573,106.23766868748635,106.07320387500599,106.13899230957031,1554600
2021-09-17 00:00:00-04:00,106.04028565628262,106.04028565628262,105.78536335737613,105.83470153808594,2162100
2021-09-20 00:00:00-04:00,105.9662909568921,106.03207938826313,105.84294549048408,105.93340301513672,3272700
2021-09-21 00:00:00-04:00,105.96629803539092,105.9991859793432,105.77716412497782,105.85939025878906,2819300
2021-09-22 00:00:00-04:00,105.8840514965246,106.0074095098793,105.6373605655356,105.75248718261719,2912800
2021-09-23 00:00:00-04:00,105.54690274203115,105.62091002111784,105.27553017085317,105.37420654296875,3702000
2021-09-24 00:00:00-04:00,105.16863967281071,105.23442811431129,105.0123936927296,105.11107635498047,3238700
2021-09-27 00:00:00-04:00,105.06173926006186,105.3002176575483,105.06173926006186,105.16041564941406,3169500
2021-09-28 00:00:00-04:00,105.09464690773463,105.1028657586099,104.91373180556752,104.93017578125,3809600
2021-09-29 00:00:00-04:00,105.09461681549675,105.20151831165317,104.82324423994949,104.98770904541016,3307000
2021-09-30 00:00:00-04:00,104.84790444692896,105.05348857329548,104.76567205116828,105.004150390625,3764700
2021-10-01 00:00:00-04:00,105.26985691350018,105.46788591817146,105.18734535282286,105.45963287353516,7280000
2021-10-04 00:00:00-04:00,105.35237547091545,105.50089880808989,105.26986390475831,105.4513931274414,9127100
2021-10-05 00:00:00-04:00,105.56691546011679,105.62466789339095,105.46789779901263,105.55866241455078,6185400
2021-10-06 00:00:00-04:00,105.59165724519444,105.64940967242141,105.45963371087961,105.50089263916016,2864100
2021-10-07 00:00:00-04:00,105.32762941973532,105.41014099121094,105.18735911870382,105.41014099121094,2616400
2021-10-08 00:00:00-04:00,105.45965121945123,105.517409951496,105.32763395844731,105.43489837646484,2843300
2021-10-11 00:00:00-04:00,105.41012489384865,105.55039517345922,105.34411312865717,105.36886596679688,2967800
2021-10-12 00:00:00-04:00,105.52562035400352,105.69890277534299,105.41835597933219,105.56687927246094,3651800
2021-10-13 00:00:00-04:00,105.67418885764567,106.05374083013656,105.64117667454109,106.04549407958984,4373700
2021-10-14 00:00:00-04:00,106.16922928658738,106.30949955031551,106.06195860649012,106.25174713134766,4197400
2021-10-15 00:00:00-04:00,106.2270361306984,106.23528288224003,105.97949508938558,106.07850646972656,2197100
2021-10-18 00:00:00-04:00,105.90521590281082,106.02073335416975,105.68242775002652,105.85569763183594,2868700
2021-10-19 00:00:00-04:00,105.7154333428646,105.72369268372502,105.50915756392163,105.59992218017578,2126800
2021-10-20 00:00:00-04:00,105.50916408679741,105.92172196541816,105.48440494837342,105.78971099853516,5177800
2021-10-21 00:00:00-04:00,105.89696052320235,106.17750111693002,105.73193738515423,106.02898406982422,8850800
2021-10-22 00:00:00-04:00,106.22701388562457,106.34253133531858,105.99597898623654,106.2435073852539,4742400
2021-10-25 00:00:00-04:00,106.25176474024778,106.59005774273653,106.2435054001297,106.49930572509766,3460700
2021-10-26 00:00:00-04:00,106.60656601810265,106.88710659780384,106.42503679818832,106.87061309814453,4175200
2021-10-27 00:00:00-04:00,107.1016533002028,107.44820566707111,106.90361798036731,107.37394714355469,4194800
2021-10-28 00:00:00-04:00,106.82936251858546,106.94487997751897,106.2600219743922,106.4415512084961,7306900
2021-10-29 00:00:00-04:00,105.78968333944225,106.29301200356109,105.73191832678553,106.16923522949219,4994500
2021-11-01 00:00:00-04:00,106.29481473453508,106.33611283281627,105.60105205208778,105.74971008300781,5649200
2021-11-02 00:00:00-04:00,105.93963667261421,106.17914538351401,105.90659316616964,106.17089080810547,4797900
2021-11-03 00:00:00-04:00,106.12961219709454,106.37738813126576,105.9066125960997,106.0222396850586,3335000
2021-11-04 00:00:00-04:00,106.58383215708253,106.7820427596015,106.49298143012682,106.72423553466797,2985500
2021-11-05 00:00:00-04:00,106.97205033516042,107.18678276686737,106.8729323954119,107.09593200683594,3862900
2021-11-08 00:00:00-05:00,107.26937118595892,107.475849025413,107.19502958592598,107.4510726928711,3581000
2021-11-09 00:00:00-05:00,107.83097470585786,108.15307960097788,107.66579497033072,108.07875061035156,3084900
2021-11-10 00:00:00-05:00,108.44216799938538,108.4999752434184,107.36848067218202,107.74840545654297,6254600
2021-11-11 00:00:00-05:00,107.83922978693512,107.86400611436451,107.69881379496243,107.73185729980469,2426600
2021-11-12 00:00:00-05:00,107.8723182921921,108.1531252212766,107.69887130516267,107.71539306640625,4085300
2021-11-15 00:00:00-05:00,107.822708034514,107.99614232651976,107.7070809723753,107.73185729980469,4261600
2021-11-16 00:00:00-05:00,107.80621298282244,107.89706374003306,107.4841080440589,107.57495880126953,2772300
2021-11-17 00:00:00-05:00,107.43455987549355,107.81447207434938,107.36848544908204,107.7896957397461,4037100
2021-11-18 00:00:00-05:00,107.72354886788466,107.97959182394018,107.72354886788466,107.85569763183594,3099700
2021-11-19 00:00:00-05:00,107.91356984566201,108.1613457477927,107.61624128358635,107.65753936767578,2518200
2021-11-22 00:00:00-05:00,106.89770414832944,107.12070375019618,106.62516448232378,106.79034423828125,3503900
2021-11-23 00:00:00-05:00,106.53429789738561,106.56732880270637,106.07177700605519,106.37737274169922,3859500
2021-11-24 00:00:00-05:00,106.43520375367615,106.74079955758866,106.2204713151069,106.70775604248047,2725300
2021-11-26 00:00:00-05:00,106.8729327131883,107.269379268545,106.74905104114444,107.23633575439453,2056900
2021-11-29 00:00:00-05:00,107.11243490168029,107.30239096560142,106.93073341361455,106.98854064941406,3803400
2021-11-30 00:00:00-05:00,107.33543765262861,107.55017005288123,106.87291674050519,107.08766174316406,5051400
2021-12-01 00:00:00-05:00,106.81968913586422,106.88585848257291,106.33998345812299,106.75353240966797,7504200
2021-12-02 00:00:00-05:00,106.75351386257721,107.12570533020158,106.60462970322132,107.06780242919922,3391400
2021-12-03 00:00:00-05:00,106.9189689832679,107.5144805918389,106.88587799361689,107.2911605834961,4030700
2021-12-06 00:00:00-05:00,107.39867315082634,107.47310893691464,106.77834969239764,106.80316162109375,6855000
2021-12-07 00:00:00-05:00,107.00164908505214,107.14225421070056,106.86104395940372,106.97683715820312,3824700
2021-12-08 00:00:00-05:00,106.94375264227753,106.96029813272888,106.67080884213173,106.79486846923828,3123600
2021-12-09 00:00:00-05:00,106.91064503796403,107.00162629053273,106.33167916730386,106.35649108886719,3774000
2021-12-10 00:00:00-05:00,106.38960876259392,106.6046496769428,106.315160358712,106.34825134277344,2247700
2021-12-13 00:00:00-05:00,106.55501246923042,106.78659884659051,106.43094022531614,106.45576477050781,3605600
2021-12-14 00:00:00-05:00,106.18281514867408,106.20762707199246,105.88505944834316,106.11664581298828,4148200
2021-12-15 00:00:00-05:00,105.94294900184751,106.26551662328207,105.61211494620034,106.20762634277344,4290800
2021-12-16 00:00:00-05:00,106.52885216305326,106.57046428661386,106.1626921420183,106.42899322509766,3896900
2021-12-17 00:00:00-05:00,106.53717454502909,106.63703347580329,106.37905610581237,106.43730926513672,4022300
2021-12-20 00:00:00-05:00,106.40403883359528,106.5122214766026,106.3374619690742,106.37907409667969,4403300
2021-12-21 00:00:00-05:00,106.38739572493041,106.61209106445312,106.18767147244763,106.61209106445312,3902300
2021-12-22 00:00:00-05:00,106.62871573644448,107.11138839712775,106.51220306910872,106.9532699584961,3170000
2021-12-23 00:00:00-05:00,106.92832256201777,106.93663990815453,106.5621561601861,106.71194458007812,2785500
2021-12-27 00:00:00-05:00,106.74524703257055,107.11141346071753,106.70363490241944,107.0698013305664,3388800
2021-12-28 00:00:00-05:00,107.32776623521924,107.3943430960439,106.96991719556642,107.00321197509766,2866100
2021-12-29 00:00:00-05:00,106.75356302409995,107.10308205610158,106.53719772759584,107.09476470947266,4320200
2021-12-30 00:00:00-05:00,107.30280946959932,107.65232849121094,107.1946204754438,107.65232849121094,2926000
2021-12-31 00:00:00-05:00,107.53582768971116,107.61072190572018,107.41100399636275,107.51918029785156,3820400
2022-01-03 00:00:00-05:00,107.09475900766056,107.11140639827121,106.8367815952685,106.90335845947266,4573600
2022-01-04 00:00:00-05:00,106.78684713117312,106.90335346352605,106.32081545264249,106.49557495117188,5740700
2022-01-05 00:00:00-05:00,106.53720411169022,106.55383880594486,105.62178799808866,105.63011169433594,6622800
2022-01-06 00:00:00-05:00,105.23063933524932,105.24728672497889,104.85615560487945,105.1723861694336,7615500
2022-01-07 00:00:00-05:00,105.1307719106899,105.19734876599856,104.88943557203483,105.04755401611328,8132900
2022-01-10 00:00:00-05:00,104.88114313798663,105.18905642372486,104.73134834345456,105.18073272705078,6633200
2022-01-11 00:00:00-05:00,105.20564813682758,105.92133333632577,105.14739498566458,105.91300964355469,10839700
2022-01-12 00:00:00-05:00,105.77990149775378,105.82983097464528,105.21401081287813,105.23065185546875,7161900
2022-01-13 00:00:00-05:00,105.12246150692333,105.40541000319854,105.04756729707115,105.255615234375,4735600
2022-01-14 00:00:00-05:00,105.07253874920085,105.12246822562678,104.73133706263808,104.7812728881836,6159500
2022-01-18 00:00:00-05:00,104.4733511675533,104.54824537612167,104.27362692891857,104.28194427490234,6517400
2022-01-19 00:00:00-05:00,104.33188338500392,104.39013655432186,104.06558227539062,104.06558227539062,7744200
2022-01-20 00:00:00-05:00,104.37345943290623,104.58150731393934,104.1654115518731,104.19037628173828,7190000
2022-01-21 00:00:00-05:00,104.59817932532516,104.89776885247419,104.47334929749326,104.83951568603516,6552400
2022-01-24 00:00:00-05:00,104.89777184347551,105.18071398878449,104.74797707562983,105.08084869384766,11250900
2022-01-25 00:00:00-05:00,105.05590114124476,105.2639491112206,104.82288843073106,104.89778900146484,6601000
2022-01-26 00:00:00-05:00,104.91440682421288,105.08916631841775,104.14046829323769,104.23200988769531,9557800
2022-01-27 00:00:00-05:00,104.49829179240983,104.74795179493744,104.33185602346983,104.65641021728516,17300800
2022-01-28 00:00:00-05:00,104.80623297893715,105.10582252244713,104.74797980931685,105.02259826660156,8506800
2022-01-31 00:00:00-05:00,104.92273455931384,105.3055419921875,104.91441086428296,105.3055419921875,7743300
2022-02-01 00:00:00-05:00,105.13767614803167,105.15437511989255,104.59486717984008,104.61991882324219,18785900
2022-02-02 00:00:00-05:00,104.6366403347358,104.96232449173102,104.58653066896704,104.73684692382812,8558200
2022-02-03 00:00:00-05:00,104.20239779501486,104.34436138692189,104.05208152969476,104.07713317871094,8142200
2022-02-04 00:00:00-05:00,103.6178088888264,103.79317675375717,103.3672797267989,103.47584533691406,9560900
2022-02-07 00:00:00-05:00,103.51760489418993,103.52595756597157,103.11676584577701,103.43409729003906,9979000
2022-02-08 00:00:00-05:00,103.2587483382845,103.45916789922983,103.16688804551312,103.30049896240234,5654300
2022-02-09 00:00:00-05:00,103.5092541986684,103.77648235978636,103.40069494832176,103.50090789794922,6164600
2022-02-10 00:00:00-05:00,103.24203979157794,103.33390008150204,102.64912742920964,102.67417907714844,13043800
2022-02-11 00:00:00-05:00,103.24200847091006,103.6428538299941,102.79941250166824,103.5927505493164,14075400
2022-02-14 00:00:00-05:00,103.16683774044485,103.61778631110249,103.07497749246534,103.31715393066406,8381800
2022-02-15 00:00:00-05:00,103.02490602152888,103.12511259846053,102.88293608550597,102.89128875732422,7243800
2022-02-16 00:00:00-05:00,103.10008851389475,103.25875746474608,102.95812491114542,103.09173583984375,5819200
2022-02-17 00:00:00-05:00,103.30048824730939,103.52596580480476,102.7743845651907,103.32554626464844,7624000
2022-02-18 00:00:00-05:00,103.57610843187149,103.68467410123687,103.48424811374298,103.66796875,8066300
2022-02-22 00:00:00-05:00,103.70967031513398,103.99359742212977,103.61781004611267,103.98524475097656,4772200
2022-02-23 00:00:00-05:00,103.77650649244919,104.21910901114549,103.60949124212019,104.06044006347656,4752600
2022-02-24 00:00:00-05:00,105.4383058888452,105.63872540210878,104.19401908141444,104.4863052368164,10218600
2022-02-25 00:00:00-05:00,104.31930127327635,104.41951423243266,104.07712473373215,104.39446258544922,4615600
2022-02-28 00:00:00-05:00,105.08758159176897,106.2650599706522,105.07923529024993,106.20660400390625,7282300
2022-03-01 00:00:00-05:00,106.49021248550162,107.33517549378512,106.48184474565693,106.96707153320312,8968800
2022-03-02 00:00:00-05:00,106.76627665352193,106.86666398781898,106.24758535636715,106.2726821899414,5829800
2022-03-03 00:00:00-05:00,106.41491940767061,106.58224229698669,106.11374458961726,106.14720916748047,4892900
2022-03-04 00:00:00-05:00,106.79977618335062,107.48577780130299,106.79977618335062,106.95872497558594,4735200
2022-03-07 00:00:00-05:00,107.03400780125554,107.72000932895102,106.99217548196678,107.53595733642578,6720100
2022-03-08 00:00:00-05:00,107.71163461958763,108.32234555612003,107.36026615889377,108.05464172363281,6291000
2022-03-09 00:00:00-05:00,107.36026684721415,107.51922198256786,106.59060077141257,106.98379516601562,8093400
2022-03-10 00:00:00-05:00,106.48185486846975,106.96708170214457,106.06355719448443,106.74956512451172,4035000
2022-03-11 00:00:00-05:00,107.07582942676478,107.58615944722072,107.04236484922428,107.50249481201172,5043700
2022-03-14 00:00:00-04:00,106.89177582029541,106.89177582029541,106.31452941894531,106.31452941894531,3650600
2022-03-15 00:00:00-04:00,106.42326917461604,106.48183058030767,105.50301577829835,105.51974487304688,4662200
2022-03-16 00:00:00-04:00,105.34409204954582,105.56160864238592,104.19796042763463,104.90906524658203,5880300
2022-03-17 00:00:00-04:00,105.43607540403885,106.37306417802233,105.26875894351608,106.339599609375,3732400
2022-03-18 00:00:00-04:00,105.94641466378602,106.5487642235988,105.81256275200249,106.01334381103516,4485100
2022-03-21 00:00:00-04:00,105.51141103816052,105.80421814299322,104.95088728580514,105.07637786865234,3459200
2022-03-22 00:00:00-04:00,104.9508693228181,105.1516567740941,104.54093944621432,104.59113311767578,3683400
2022-03-23 00:00:00-04:00,105.0930796408794,105.92967474789342,105.05124733244304,105.90457153320312,4621600
2022-03-24 00:00:00-04:00,105.61178854026384,105.82930510471452,105.21858772931222,105.2520523071289,5085900
2022-03-25 00:00:00-04:00,104.66645874042925,104.84214302148797,104.34855476271112,104.53260040283203,2761800
2022-03-28 00:00:00-04:00,104.59115821297165,104.88397172066053,104.40711257921524,104.41547393798828,2815400
2022-03-29 00:00:00-04:00,104.02224309850166,104.44054069445713,103.98041716853498,104.03897857666016,3139300
2022-03-30 00:00:00-04:00,104.10592191532912,104.6497037580264,104.08082507738501,104.54931640625,2728100
2022-03-31 00:00:00-04:00,104.52420315691027,105.00942350731476,104.03060868488505,104.21466064453125,5546400
2022-04-01 00:00:00-04:00,103.35416105727333,104.05301354545792,103.17734411879294,103.64043426513672,5399200
2022-04-04 00:00:00-04:00,103.75832708147581,103.81726606575984,103.48046911676505,103.56466674804688,3284100
2022-04-05 00:00:00-04:00,103.45519821389962,103.53939583520693,102.78160439570763,102.8152847290039,4752300
2022-04-06 00:00:00-04:00,102.54585722829589,102.76477620145062,101.91436537885772,102.3606185913086,4662400
2022-04-07 00:00:00-04:00,102.33532446178894,102.54582167194799,102.0490449155628,102.22586822509766,3109300
2022-04-08 00:00:00-04:00,102.13328128921862,102.4111328125,102.08275757454892,102.4111328125,5256300
2022-04-11 00:00:00-04:00,101.88909417405084,102.27640835643594,101.79647486697327,102.23430633544922,4074400
2022-04-12 00:00:00-04:00,102.57108030934867,102.82367953108556,102.2090248509205,102.22586822509766,6454400
2022-04-13 00:00:00-04:00,102.35218006766775,102.52058172080832,101.98170927849094,102.0322265625,4781400
2022-04-14 00:00:00-04:00,102.00698964215485,102.15012625990458,101.73755336362163,102.0238265991211,4916900
2022-04-18 00:00:00-04:00,102.15852157961216,102.20903886133821,101.89750063500695,101.99011993408203,3969600
2022-04-19 00:00:00-04:00,101.80490718019998,101.93962209845648,101.40074957769613,101.48494720458984,6102300
2022-04-20 00:00:00-04:00,101.72911420294113,102.37744292861765,101.66175353890898,102.23430633544922,6580000
2022-04-21 00:00:00-04:00,102.2174561626005,102.67213095021913,101.61122311244232,102.6384506225586,7096200
2022-04-22 00:00:00-04:00,102.53742289972737,103.01735638919003,102.17536736038771,102.23430633544922,4678600
2022-04-25 00:00:00-04:00,102.545860690957,102.74793629091785,102.11644442015613,102.1585464477539,5231500
2022-04-26 00:00:00-04:00,102.35219039109238,102.47006834824704,102.08275414275786,102.37744903564453,4330300
2022-04-27 00:00:00-04:00,102.45321534629943,102.47847398689544,102.0069622321279,102.20903778076172,6335700
2022-04-28 00:00:00-04:00,102.20062761990714,102.82370413625972,102.12485168957232,102.79002380371094,4564500
2022-04-29 00:00:00-04:00,102.59637912615258,102.92475438869178,101.72913130847896,101.93962860107422,8607200
2022-05-02 00:00:00-04:00,101.44573937298358,101.50513854166658,100.34260455570038,100.4614028930664,8579900
2022-05-03 00:00:00-04:00,101.22514272234018,101.53062610638989,100.80086096382959,100.8263168334961,6260800
2022-05-04 00:00:00-04:00,100.77539490206928,101.86155505816157,100.39353747361405,101.61547088623047,5375800
2022-05-05 00:00:00-04:00,100.93658767558185,101.14024750008707,100.2068228228297,100.54624938964844,4817100
2022-05-06 00:00:00-04:00,100.07954976182674,100.68202888031442,99.90983323082928,100.283203125,4995400
2022-05-09 00:00:00-04:00,100.07956828241427,100.12199256749685,99.72316673837628,99.89288330078125,5652000
2022-05-10 00:00:00-04:00,99.77408495615165,100.11351160697768,99.39222754621305,99.44314575195312,5760700
2022-05-11 00:00:00-04:00,99.58738249644432,100.75839743854937,99.2988676279692,100.64808654785156,5965600
2022-05-12 00:00:00-04:00,100.85176223233451,101.03844722254094,100.14745303256488,100.21533966064453,5169700
2022-05-13 00:00:00-04:00,100.30868184884983,100.75841942895741,100.13897175319515,100.73296356201172,4551800
2022-05-16 00:00:00-04:00,100.97056779240748,101.0469418729479,100.72448360359492,100.76691436767578,3105100
2022-05-17 00:00:00-04:00,100.60567435016412,100.69901684182435,100.17291167867577,100.25776672363281,3363700
2022-05-18 00:00:00-04:00,100.66507546583155,101.14027537997866,100.64810704612364,100.9535903930664,14954600
2022-05-19 00:00:00-04:00,101.33542148022207,101.42027651018199,100.27471742066349,100.59717559814453,8812500
2022-05-20 00:00:00-04:00,100.56323507426268,100.758401001169,100.3765501187704,100.63960266113281,5597600
2022-05-23 00:00:00-04:00,100.49534393322905,100.72445315754601,100.26623470891211,100.283203125,3149600
2022-05-24 00:00:00-04:00,100.4699217101134,101.0130018430849,100.42749094465199,100.8263168334961,3232900
2022-05-25 00:00:00-04:00,101.0384491416388,101.0384491416388,100.63962328662718,100.91116333007812,3612600
2022-05-26 00:00:00-04:00,101.17421603318148,101.51363621061545,101.02995533634464,101.32695770263672,5993700
2022-05-27 00:00:00-04:00,101.60698330138746,101.70881324364245,101.4966723861301,101.6494140625,3204900
2022-05-31 00:00:00-04:00,101.35242045756638,101.36090143076126,100.792365473488,100.92813873291016,4760000
2022-06-01 00:00:00-04:00,100.95128956887972,101.02855161549233,100.42764714496978,100.51348876953125,4283200
2022-06-02 00:00:00-04:00,100.8654573138836,100.97705078125,100.65943608593918,100.97705078125,5457900
2022-06-03 00:00:00-04:00,100.70238421908554,101.60373800776425,100.70238421908554,101.5608139038086,4692400
2022-06-06 00:00:00-04:00,101.30325075048931,101.36334054380234,100.839698109519,100.89978790283203,3466300
2022-06-07 00:00:00-04:00,101.01138625725768,101.21741402942652,100.92554462683563,101.14015197753906,2638200
2022-06-08 00:00:00-04:00,101.03713625798338,101.15731584825274,100.89120483398438,100.89120483398438,1961100
2022-06-09 00:00:00-04:00,100.8225284797537,101.02855624730226,100.7023488899986,100.87403869628906,2866800
2022-06-10 00:00:00-04:00,100.8053767875003,100.94272210232965,100.38474816488264,100.42766571044922,3241000
2022-06-13 00:00:00-04:00,99.2601995194078,99.46622731239484,98.35885248495421,98.73655700683594,7081800
2022-06-14 00:00:00-04:00,98.29016683785278,98.33309092780628,97.0111088586567,97.38023376464844,12801700
2022-06-15 00:00:00-04:00,97.74937243219888,98.96834078664939,97.58626872656905,98.72798156738281,10128000
2022-06-16 00:00:00-04:00,97.50042641740384,98.70222905481927,97.21714310407712,98.43611145019531,5934500
2022-06-17 00:00:00-04:00,98.3846340825992,98.57348967531654,98.08418498023038,98.4876480102539,5015900
2022-06-21 00:00:00-04:00,98.15282091207894,98.43610420455386,98.05839969721762,98.14424133300781,2628700
2022-06-22 00:00:00-04:00,98.64213079267772,98.83097976940583,98.53911690140127,98.71080017089844,5163300
2022-06-23 00:00:00-04:00,99.18295497369452,99.39756236980794,98.89108550934532,99.002685546875,5523500
2022-06-24 00:00:00-04:00,99.11426501176847,99.40613443482205,98.95974744645704,99.09709930419922,3581400
2022-06-27 00:00:00-04:00,98.79665556098955,98.98551111330872,98.3588611980291,98.38461303710938,3885600
2022-06-28 00:00:00-04:00,98.35025672858369,98.37600856286186,97.96396611581783,98.04122161865234,3469600
2022-06-29 00:00:00-04:00,97.88671069049217,98.3330976791891,97.59484781651862,97.86954498291016,6274800
2022-06-30 00:00:00-04:00,98.35884517909403,98.51336273770849,97.7665267795225,97.78369903564453,8033400
2022-07-01 00:00:00-04:00,99.03031977298875,99.5565725391098,98.77150456337557,99.35814666748047,7041500
2022-07-05 00:00:00-04:00,99.47030748771002,99.5134389699635,98.96130597434077,99.08208465576172,4716100
2022-07-06 00:00:00-04:00,99.05619772799464,99.09933578926524,98.15035109686451,98.18486022949219,2909400
2022-07-07 00:00:00-04:00,98.59034876098147,98.59897769088916,97.90018575310198,98.02958679199219,2511700
2022-07-08 00:00:00-04:00,98.12445226753591,98.18484159268561,97.77936758870501,97.92603302001953,1919900
2022-07-11 00:00:00-04:00,98.20210800653025,98.43503640042732,97.98643088620419,98.08132934570312,2034200
2022-07-12 00:00:00-04:00,98.11583985337879,98.46091798519436,98.02956373848143,98.04682159423828,2604400
2022-07-13 00:00:00-04:00,98.01230508058413,98.81462418230252,97.89152642715923,98.5558090209961,3245600
2022-07-14 00:00:00-04:00,98.03820353430957,98.50406696223568,97.89154465383585,98.31427001953125,5758800
2022-07-15 00:00:00-04:00,98.51269441178952,98.96129997530936,98.43504721732904,98.88365936279297,4638600
2022-07-18 00:00:00-04:00,98.9267810086518,98.96991906594663,98.58169629612351,98.75424194335938,2302000
2022-07-19 00:00:00-04:00,98.71972931601917,98.92677750342251,98.6248308588878,98.65071105957031,4571400
2022-07-20 00:00:00-04:00,98.9440623157346,99.04758314666883,98.47819883069553,98.56446838378906,2787400
2022-07-21 00:00:00-04:00,98.5989507174183,99.17696380615234,98.34876447409839,99.17696380615234,8560600
2022-07-22 00:00:00-04:00,99.69460464959249,100.17772594586896,99.66009551543387,100.01380920410156,5918500
2022-07-25 00:00:00-04:00,99.71184776458338,100.0655548190088,99.69458990908359,99.8239974975586,11366300
2022-07-26 00:00:00-04:00,100.4537775844338,100.54004711610267,99.8153685698087,99.8239974975586,1796100
2022-07-27 00:00:00-04:00,100.0742089506788,100.67810240639626,100.03969981293136,100.4624252319336,2378500
2022-07-28 00:00:00-04:00,101.368257885729,101.53217462172377,101.01454420951796,101.4890365600586,3283100
2022-07-29 00:00:00-04:00,101.73056467006938,102.21368581047675,101.6097860304531,101.99800872802734,3256700
2022-08-01 00:00:00-04:00,101.96666856161184,102.21060689468504,101.73143756413334,102.04507446289062,3576300
2022-08-02 00:00:00-04:00,101.84470693821834,102.09735927242005,100.71212842584121,100.84281158447266,3650800
2022-08-03 00:00:00-04:00,100.88636802070046,101.42651529112548,100.61628773866686,101.3742446899414,2442200
2022-08-04 00:00:00-04:00,101.19127812897393,101.45263774862937,101.09544427438753,101.35680389404297,2238700
2022-08-05 00:00:00-04:00,100.40718482359253,100.56400325231346,100.25908037613947,100.33748626708984,3098100
2022-08-08 00:00:00-04:00,100.84281831915278,101.0606213824771,100.790547710938,101.02577209472656,3473200
2022-08-09 00:00:00-04:00,100.86894151348629,100.95606139899247,100.68598775987694,100.7382583618164,1453300
2022-08-10 00:00:00-04:00,100.78179834819345,101.07800721985684,100.555281380744,100.56399536132812,1950500
2022-08-11 00:00:00-04:00,100.72954012145121,100.86021661215335,100.14582299342621,100.22423553466797,3714600
2022-08-12 00:00:00-04:00,100.60756463837069,100.68597052786103,100.32877706437161,100.61627197265625,2563100
2022-08-15 00:00:00-04:00,100.6598690207779,100.76441688867962,100.51176452636719,100.51176452636719,1950800
2022-08-16 00:00:00-04:00,100.52917359027394,100.61629347949187,100.2678072757987,100.53788757324219,2658100
2022-08-17 00:00:00-04:00,100.45947394218342,100.46818792505816,100.1022804061764,100.23296356201172,2086600
2022-08-18 00:00:00-04:00,100.4420482113633,100.95606018243058,100.20681721182791,100.7469711303711,3706400
2022-08-19 00:00:00-04:00,100.62497871911826,100.73823387806829,100.48558161873093,100.57270812988281,3423400
2022-08-22 00:00:00-04:00,100.59887605293004,100.61629737271913,100.36364503143604,100.38107299804688,3771500
2022-08-23 00:00:00-04:00,100.45075884864548,100.8079523570676,100.36363232026949,100.54659271240234,1664900
2022-08-24 00:00:00-04:00,100.38978430961926,100.537888787761,100.2852364532019,100.5291748046875,1795000
2022-08-25 00:00:00-04:00,100.75569169432555,100.91251015531897,100.65114383805609,100.84281158447266,1468300
2022-08-26 00:00:00-04:00,100.81667131800212,100.91250518649166,100.47689911038333,100.6947021484375,1887800
2022-08-29 00:00:00-04:00,100.389799890458,100.40722121248729,100.20683945162615,100.30267333984375,2117300
2022-08-30 00:00:00-04:00,100.14583165734943,100.3723486721973,99.91932128932261,100.12841033935547,2144200
2022-08-31 00:00:00-04:00,99.97157623647627,100.15452995746057,99.07422894682088,99.23976135253906,7620800
2022-09-01 00:00:00-04:00,98.68211812859862,98.84976694817588,98.39094745749455,98.48800659179688,5405500
2022-09-02 00:00:00-04:00,98.87626284402454,99.11450141259937,98.5850920950399,99.07038116455078,6140400
2022-09-06 00:00:00-04:00,98.65566045987526,98.71742475891529,98.09978176851507,98.12625122070312,3399100
2022-09-07 00:00:00-04:00,98.39096234965118,98.54978579965739,98.24095756278692,98.53213500976562,3352800
2022-09-08 00:00:00-04:00,98.27623995316802,98.44388877686877,97.92330498171833,97.98506927490234,3303200
2022-09-09 00:00:00-04:00,97.9939180972916,98.1880364304161,97.8086251607105,98.02921295166016,1903900
2022-09-12 00:00:00-04:00,98.11744072650325,98.17038637072358,97.51744170250919,97.73802947998047,3090300
2022-09-13 00:00:00-04:00,97.12040413215051,97.48217138453651,97.12040413215051,97.4468765258789,3606700
2022-09-14 00:00:00-04:00,97.4821387128454,97.75566536101039,97.45566252887136,97.69390106201172,1815400
2022-09-15 00:00:00-04:00,97.47330996394774,97.60566395204854,97.1380122965186,97.19978332519531,2617700
2022-09-16 00:00:00-04:00,97.0585998718373,97.21742330453607,96.74095300643975,96.79389190673828,2758100
2022-09-19 00:00:00-04:00,96.46740918572475,96.66152742795914,96.20270126780476,96.35269927978516,1639600
2022-09-20 00:00:00-04:00,95.97327707100777,96.32621867675203,95.92916357766549,96.20269012451172,2118800
2022-09-21 00:00:00-04:00,96.3174404111556,96.59979246780469,95.69096526403025,96.38802337646484,2939000
2022-09-22 00:00:00-04:00,95.92036020312366,95.99094988683538,95.1791887195588,95.29389190673828,3088400
2022-09-23 00:00:00-04:00,94.94096991372298,95.19685252140403,94.7556770043962,94.88803100585938,4059300
2022-09-26 00:00:00-04:00,94.72037245359762,94.74684190481833,93.34390713569336,93.37037658691406,5419000
2022-09-27 00:00:00-04:00,93.50272718958593,93.60860499063546,92.74390486698252,92.87625885009766,5123500
2022-09-28 00:00:00-04:00,93.66155925557909,94.5703797013025,93.36155641741384,94.51744079589844,2881900
2022-09-29 00:00:00-04:00,93.71450018667024,93.89097442817139,93.12332662420032,93.19391632080078,3468800
2022-09-30 00:00:00-04:00,93.07037413675933,93.18507732814452,92.32037050047742,92.55860900878906,5533400
2022-10-03 00:00:00-04:00,93.18510507022523,93.9880411125692,93.09687130198375,93.74980926513672,5368700
2022-10-04 00:00:00-04:00,94.31449487788248,94.45567426469721,94.00567338397987,94.12037658691406,3470600
2022-10-05 00:00:00-04:00,93.76744130262354,93.80273615175541,93.15862366756018,93.37921142578125,3467200
2022-10-06 00:00:00-04:00,93.39685436384083,93.48508811970977,93.04391260856097,93.07038879394531,3821900
2022-10-07 00:00:00-04:00,92.78803366236097,93.34391236454482,92.77038287268945,93.09685516357422,3308600
2022-10-10 00:00:00-04:00,93.0262710590261,93.0968607583467,92.54097529095237,92.56745147705078,2910900
2022-10-11 00:00:00-04:00,92.87626741530707,93.44979690716244,92.80567772022866,93.09685516357422,4508600
2022-10-12 00:00:00-04:00,93.18508349702311,93.42331528930276,92.94684497294001,93.28214263916016,10208100
2022-10-13 00:00:00-04:00,92.46155219319813,93.39684199883126,92.46155219319813,93.17625427246094,4180400
2022-10-14 00:00:00-04:00,93.39685656528285,93.41450735595511,92.90274213532679,93.25568389892578,3884900
2022-10-17 00:00:00-04:00,93.74981327852954,93.93510621931047,93.44099171056132,93.51158142089844,2767500
2022-10-18 00:00:00-04:00,93.56449868320685,93.68802728180471,93.04390810471266,93.26449584960938,3003300
2022-10-19 00:00:00-04:00,92.74391228990092,92.91156113071838,92.57626344908346,92.78803253173828,2803800
2022-10-20 00:00:00-04:00,92.71744937468532,93.0527403481566,92.4439159732546,92.69979858398438,15171500
2022-10-21 00:00:00-04:00,92.64685660693385,93.29097581009964,92.52332800333559,92.93803405761719,6788500
2022-10-24 00:00:00-04:00,92.99978405531155,93.40566465210732,92.86743007701223,93.15860748291016,3027900
2022-10-25 00:00:00-04:00,93.51157833297631,93.7321661216416,93.3703989169641,93.53804779052734,3423300
2022-10-26 00:00:00-04:00,93.57331717853073,93.95272834105037,93.27331436705316,93.39684295654297,3923000
2022-10-27 00:00:00-04:00,93.89097018104566,94.22626112702511,93.63508759129672,94.12037658691406,2817100
2022-10-28 00:00:00-04:00,94.04978214743744,94.34095956919626,93.78508090822307,94.00566864013672,3409500
2022-10-31 00:00:00-04:00,93.85568510331117,94.06744747377087,93.53803818171944,93.87332916259766,3145400
2022-11-01 00:00:00-04:00,94.46445393857684,94.49092337972877,93.71445726813485,93.85563659667969,2175700
2022-11-02 00:00:00-04:00,93.95272620877276,94.47331000526461,93.5203694235676,93.6438980102539,2056900
2022-11-03 00:00:00-04:00,92.78803706608691,93.14097209081794,92.56744930972799,92.60273742675781,3149800
2022-11-04 00:00:00-04:00,92.8144911324754,93.08801775083646,92.69978120983137,92.94683837890625,2209000
2022-11-07 00:00:00-05:00,93.21154435632246,93.27330864727982,93.01742608994141,93.0615463256836,2295300
2022-11-08 00:00:00-05:00,93.15862147250056,93.43214813207237,93.08803177590009,93.19391632080078,1681800
2022-11-09 00:00:00-05:00,93.07038369990083,93.33508495301972,92.70861656929355,92.99979400634766,2280600
2022-11-10 00:00:00-05:00,93.67041183144201,94.57040714348832,93.67041183144201,94.54393768310547,4163400
2022-11-11 00:00:00-05:00,94.38507374192656,94.52624638074003,94.24389437131019,94.49095153808594,2465600
2022-11-14 00:00:00-05:00,94.27918080338324,94.27918080338324,93.7321276205543,93.79389190673828,3491700
2022-11-15 00:00:00-05:00,94.11156973731788,94.50862503191769,94.01451057965046,94.40274047851562,2397500
2022-11-16 00:00:00-05:00,94.55272694853183,94.73801983221064,94.47331186592477,94.64096069335938,1985700
2022-11-17 00:00:00-05:00,94.2174444529154,94.27920875741266,93.84685862593182,93.99685668945312,2853300
2022-11-18 00:00:00-05:00,93.9086070355569,94.04096101759302,93.44096213325865,93.52037048339844,1851100
2022-11-21 00:00:00-05:00,93.86449869006263,94.07626778087243,93.62626687765662,94.0145034790039,2194900
2022-11-22 00:00:00-05:00,94.40273956228202,94.5262681741499,94.18215179368872,94.3939208984375,3023400
2022-11-23 00:00:00-05:00,94.34978568661037,94.91448974609375,94.31449084141724,94.91448974609375,1786500
2022-11-25 00:00:00-05:00,94.8350811925703,94.87919470011582,94.72919665721497,94.82625579833984,665300
2022-11-28 00:00:00-05:00,94.843906550265,94.93214030338805,94.47332074806583,94.60567474365234,3710000
2022-11-29 00:00:00-05:00,94.29685773658733,94.48215064651912,94.13803428067378,94.19979858398438,2090100
2022-11-30 00:00:00-05:00,94.27920150371185,95.62037877218468,94.12920345173117,95.59390258789062,4520200
2022-12-01 00:00:00-05:00,95.83331769361718,96.6283895809245,95.81564553525936,96.61956024169922,9839800
2022-12-02 00:00:00-05:00,96.19549457478531,97.35277131045463,95.93046617824248,97.3351058959961,3393800
2022-12-05 00:00:00-05:00,96.69905134408013,96.71672349999078,96.10716218017392,96.33685302734375,3276700
2022-12-06 00:00:00-05:00,96.32800416760318,96.42518079235938,96.08947727412821,96.31916809082031,4906900
2022-12-07 00:00:00-05:00,96.44286034179035,96.76089175307027,96.2573431418692,96.73439025878906,2900600
2022-12-08 00:00:00-05:00,96.73438723564047,96.77856088469713,96.47819489900748,96.7078857421875,3183900
2022-12-09 00:00:00-05:00,96.23084836935962,96.34569043258418,95.72729972298544,95.78913879394531,2613000
2022-12-12 00:00:00-05:00,96.03650148326024,96.09834055834467,95.76264368502254,95.79798126220703,2735800
2022-12-13 00:00:00-05:00,96.44287923990557,96.56655739742124,95.98350418912649,96.08068084716797,4767700
2022-12-14 00:00:00-05:00,95.9834981353679,96.08067478728036,95.43577580094801,95.84214782714844,2882400
2022-12-15 00:00:00-05:00,95.95646176274344,96.01850039992884,95.47788185400138,95.85897827148438,2669900
2022-12-16 00:00:00-05:00,95.28290917266142,95.69059264503059,95.2563221490707,95.3449478149414,2290100
2022-12-19 00:00:00-05:00,95.27403268193252,95.28289727592426,94.99042652953355,95.01701354980469,2681700
2022-12-20 00:00:00-05:00,94.87522767679073,95.13224008465856,94.82204686679651,94.99044036865234,2942600
2022-12-21 00:00:00-05:00,95.57537493155249,95.6285557414057,95.19428523755019,95.50447845458984,6070000
2022-12-22 00:00:00-05:00,95.4690263233018,95.53992956158922,94.93726555955612,94.98157501220703,3674600
2022-12-23 00:00:00-05:00,94.84860565318,94.92837346357084,94.60045115276944,94.76884460449219,2523500
2022-12-27 00:00:00-05:00,94.6004870101253,94.76888052567591,94.32574538934743,94.33460998535156,2464500
2022-12-28 00:00:00-05:00,94.50298254631282,94.63592441958667,94.20165394448303,94.22824096679688,3091400
2022-12-29 00:00:00-05:00,94.46754638099762,94.68911395212675,94.41437232767244,94.61821746826172,3141300
2022-12-30 00:00:00-05:00,94.29029376703649,94.65366782444451,94.19280349610779,94.33460998535156,4694700
2023-01-03 00:00:00-05:00,95.00815931903179,95.05247553212028,94.53843721179477,94.67137908935547,3740300
2023-01-04 00:00:00-05:00,94.9904175453189,95.09677237804848,94.64477279107706,94.7333984375,3247800
2023-01-05 00:00:00-05:00,94.37887530914732,94.78655863252672,94.26366266179089,94.75997161865234,2377500
2023-01-06 00:00:00-05:00,94.84863319953509,95.67286475053457,94.7777367229013,95.62855529785156,3855300
2023-01-09 00:00:00-05:00,95.62854538946648,96.02736423081541,95.58422917967026,95.85011291503906,2640200
2023-01-10 00:00:00-05:00,95.59311645978056,95.71719376261045,95.39813590913194,95.46017456054688,2302000
2023-01-11 00:00:00-05:00,95.55762760353267,95.87668533269598,95.49558897628998,95.8678207397461,7551700
2023-01-12 00:00:00-05:00,96.14259769857917,96.63004226893327,95.80581068308169,96.62117767333984,3943700
2023-01-13 00:00:00-05:00,96.39072353653722,96.54138780816899,95.77919509535701,95.8678207397461,2833100
2023-01-17 00:00:00-05:00,95.60195083627748,95.903279401698,95.56649922357441,95.59308624267578,2711500
2023-01-18 00:00:00-05:00,96.31097815585268,96.42619760592798,96.11599763576048,96.24893951416016,3919000
2023-01-19 00:00:00-05:00,96.25780051380373,96.86046447989432,96.10713621270722,96.84273529052734,4591500
2023-01-20 00:00:00-05:00,96.2046025097647,96.52366022186472,96.2046025097647,96.29322814941406,2878100
2023-01-23 00:00:00-05:00,96.24005758219721,96.4350380671651,96.18688354509818,96.2046127319336,3170400
2023-01-24 00:00:00-05:00,96.34642118210594,96.77183380270593,96.16030527362601,96.75410461425781,2913900
2023-01-25 00:00:00-05:00,96.73639372487139,96.9490966796875,96.57686481833305,96.9490966796875,2996900
2023-01-26 00:00:00-05:00,96.89592949650093,97.144084088319,96.78071003479573,96.94023895263672,4193500
2023-01-27 00:00:00-05:00,96.67434975836096,96.83387865611554,96.61231111821778,96.72752380371094,2408700
2023-01-30 00:00:00-05:00,96.55027565305731,96.70093996097316,96.25780487060547,96.25780487060547,2462300
2023-01-31 00:00:00-05:00,96.4793440211886,96.51479562938891,96.00962204551436,96.29322814941406,4134300
2023-02-01 00:00:00-05:00,96.58573625672831,97.03772922252318,96.10714950320535,96.94023895263672,5419300
2023-02-02 00:00:00-05:00,97.19725104229265,97.32132832914064,96.76298053832468,96.80729675292969,5030900
2023-02-03 00:00:00-05:00,96.27550630807463,96.46162219404553,95.86782292522834,95.90327453613281,5375200
2023-02-06 00:00:00-05:00,95.53993835953743,95.68173808746515,95.45130592266382,95.52220916748047,5195500
2023-02-07 00:00:00-05:00,95.54879528733319,96.20464015310648,95.51334366526122,95.7703628540039,3758700
2023-02-08 00:00:00-05:00,95.96532724161811,96.3109720465089,95.85011456055598,96.26666259765625,2821200
2023-02-09 00:00:00-05:00,96.33758372254911,96.39076454116828,95.77037124312288,95.77923583984375,2648200
2023-02-10 00:00:00-05:00,95.81464432055303,95.85896052249612,95.41582554987741,95.43354797363281,3105600
2023-02-13 00:00:00-05:00,95.4601443854652,95.66398946808192,95.43355736636383,95.59308624267578,2259000
2023-02-14 00:00:00-05:00,95.51333018525038,95.72603988766204,94.98156945263035,95.27404022216797,3037800
2023-02-15 00:00:00-05:00,95.24745319979264,95.47788532988633,95.09678889852948,95.27404022216797,2631900
2023-02-16 00:00:00-05:00,95.17654385479163,95.41584056421443,95.00815037495367,95.0436019897461,4054900
2023-02-17 00:00:00-05:00,94.9018206608083,95.282917141459,94.85750444331421,95.229736328125,5304300
2023-02-21 00:00:00-05:00,94.9195263384311,95.06133280002041,94.71568800202677,94.80431365966797,2344000
2023-02-22 00:00:00-05:00,95.14108335327501,95.28288979919915,94.68022592742855,94.75112915039062,5106800
2023-02-23 00:00:00-05:00,94.83091580544347,95.16769606287505,94.79546418439193,95.06134796142578,3038100
2023-02-24 00:00:00-05:00,94.59161191468695,94.62705676882433,94.25482494504286,94.4409408569336,3524300
2023-02-27 00:00:00-05:00,94.62705306953424,94.71568548652576,94.511840393831,94.63591766357422,1614400
2023-02-28 00:00:00-05:00,94.47640202950663,95.06134360750796,94.40549879065101,94.99044036865234,3852500
2023-03-01 00:00:00-05:00,94.72454331886165,94.81317573585316,94.46752418533524,94.63591766357422,5948400
2023-03-02 00:00:00-05:00,94.5295891678365,94.75115673281452,94.52072457195986,94.70684051513672,3979000
2023-03-03 00:00:00-05:00,95.01702485496308,95.72604370117188,94.92839918961319,95.72604370117188,3710700
2023-03-06 00:00:00-05:00,95.70831475180594,95.73490177530729,95.21200561523438,95.21200561523438,3128600
2023-03-07 00:00:00-05:00,95.17654919814191,95.21200081492465,94.5295757865446,94.60933685302734,3565900
2023-03-08 00:00:00-05:00,94.68022857647505,94.857479877136,94.12187413215598,94.1573257446289,4268100
2023-03-09 00:00:00-05:00,94.44092341105062,94.60931686476569,94.29912373558248,94.40547180175781,4310100
2023-03-10 00:00:00-05:00,95.05247236435432,95.79693603515625,95.04360776969109,95.79693603515625,5856500
2023-03-13 00:00:00-04:00,96.50597533571883,97.17067808075961,96.0451177409745,96.5237045288086,6223200
2023-03-14 00:00:00-04:00,96.56797441162387,96.74523246134592,95.95644597306341,95.99189758300781,5222800
2023-03-15 00:00:00-04:00,96.71864629440992,97.39221341295733,96.5768466051758,97.16178131103516,5923000
2023-03-16 00:00:00-04:00,97.46314436709767,97.49859598991827,96.03624866667035,96.06283569335938,7644200
2023-03-17 00:00:00-04:00,96.40846230037084,96.80728791027093,96.26666259765625,96.26666259765625,4457300
2023-03-20 00:00:00-04:00,96.57687610871476,96.57687610871476,96.12487636039731,96.35530853271484,2988800
2023-03-21 00:00:00-04:00,96.11598423863863,96.52367441202635,96.04508777351822,96.15143585205078,2988900
2023-03-22 00:00:00-04:00,96.33757612042572,97.58722045292023,96.27553747168734,97.47200775146484,5961800
2023-03-23 00:00:00-04:00,97.48083748968791,97.6846825691932,97.26813457841988,97.64923095703125,5372300
2023-03-24 00:00:00-04:00,97.79991139904291,97.94171787112447,97.36564091127649,97.40109252929688,8001000
2023-03-27 00:00:00-04:00,97.02000486228539,97.08204350900571,96.61232136073681,96.63890838623047,6509500
2023-03-28 00:00:00-04:00,96.69208436081864,97.15294868422838,96.66549733479606,96.94023895263672,3953300
2023-03-29 00:00:00-04:00,96.83388636840934,97.13521499833126,96.81615717741089,97.12635040283203,2400900
2023-03-30 00:00:00-04:00,97.18840157485774,97.33020130273106,97.15294995246302,97.22384643554688,2101300
2023-03-31 00:00:00-04:00,97.37450061104781,97.87967430945918,97.2770103568189,97.7112808227539,5667300
2023-04-03 00:00:00-04:00,97.9393056145148,98.31197346437017,97.73523220982204,97.88607025146484,6515100
2023-04-04 00:00:00-04:00,97.71747729895165,98.2853437058254,97.70860925192348,98.16999816894531,4266100
2023-04-05 00:00:00-04:00,98.42729058643674,98.7200985376665,98.23208528561689,98.40067291259766,5296400
2023-04-06 00:00:00-04:00,98.56043314295498,98.72014603232792,98.47170526430406,98.62254333496094,3074800
2023-04-10 00:00:00-04:00,98.07240787675865,98.12564324365452,97.91269500656864,97.92156982421875,2572900
2023-04-11 00:00:00-04:00,98.07241454806268,98.10790705157508,97.89495880000355,98.09016418457031,2317600
2023-04-12 00:00:00-04:00,97.94818513744698,98.20550068705433,97.82396477136099,98.12564086914062,3461900
2023-04-13 00:00:00-04:00,98.23211365029334,98.42731900747903,97.8505777529309,97.88607025146484,3396900
2023-04-14 00:00:00-04:00,97.61987214773089,97.74409926748895,97.40692394293391,97.46015930175781,3325700
2023-04-17 00:00:00-04:00,97.4513033177726,97.49566386578314,96.99878240325091,97.01652526855469,4215800
2023-04-18 00:00:00-04:00,97.04315750577616,97.24723093590073,96.99879018470416,97.1141357421875,3523900
2023-04-19 00:00:00-04:00,97.01652526855469,97.11412795148098,96.87456203761786,97.01652526855469,4609500
2023-04-20 00:00:00-04:00,97.2826972050525,97.51339502731064,97.24720471166657,97.32706451416016,3856700
2023-04-21 00:00:00-04:00,97.5400247447714,97.58439205935552,97.21172421755358,97.3714370727539,2523200
2023-04-24 00:00:00-04:00,97.54891235824172,97.77073542125792,97.5222946738002,97.7441177368164,1651400
2023-04-25 00:00:00-04:00,98.0280376696402,98.35633142582392,98.0280376696402,98.32083892822266,3446500
2023-04-26 00:00:00-04:00,98.28533570933226,98.3829383747135,97.91267467942261,97.97478485107422,3114100
2023-04-27 00:00:00-04:00,97.89493269322391,97.93929323365711,97.57550701630014,97.64649200439453,2242800
2023-04-28 00:00:00-04:00,97.85056867366359,97.94817134320017,97.59325316029452,97.7618408203125,4474500
2023-05-01 00:00:00-04:00,97.52906071623487,97.56473745856326,96.8155462835955,96.94932556152344,3140600
2023-05-02 00:00:00-04:00,97.14554728347402,97.75203831275927,97.13663320109495,97.68960571289062,3033700
2023-05-03 00:00:00-04:00,97.80556870262377,98.18016434730686,97.76989195484768,98.13556671142578,3895900
2023-05-04 00:00:00-04:00,97.9304334913444,98.53692459161077,97.91259171521207,98.10881042480469,4109800
2023-05-05 00:00:00-04:00,97.90366913894313,98.00177849204769,97.74312717973963,97.91259002685547,1955000
2023-05-08 00:00:00-04:00,97.58258989319883,97.66285746872504,97.52015048382036,97.54691314697266,2510600
2023-05-09 00:00:00-04:00,97.53797613855215,97.58257376512483,97.30608072873062,97.40419006347656,2162400
2023-05-10 00:00:00-04:00,97.59148705832942,97.82338246627758,97.50229861054703,97.72527313232422,2983400
2023-05-11 00:00:00-04:00,98.0374556670094,98.09988827338086,97.81448110073364,97.93934631347656,5607100
2023-05-12 00:00:00-04:00,97.99285760106088,98.04636931552993,97.56474347137876,97.59149932861328,1924300
2023-05-15 00:00:00-04:00,97.53798759227695,97.58258522408664,97.40420150149107,97.44879913330078,2404800
2023-05-16 00:00:00-04:00,97.30610699257542,97.41313724245288,97.03854157484824,97.1901626586914,4087900
2023-05-17 00:00:00-04:00,97.27933204440866,97.29716701356676,97.06527839129681,97.14554595947266,2766900
2023-05-18 00:00:00-04:00,96.89583928219322,97.02070451079403,96.69070646576816,96.8244857788086,6186100
2023-05-19 00:00:00-04:00,96.64609441987696,96.92258069847635,96.49447335126722,96.59258270263672,3543300
2023-05-22 00:00:00-04:00,96.67285113913807,96.78879546240533,96.36068811138493,96.41419982910156,3120200
2023-05-23 00:00:00-04:00,96.37852941561631,96.74421098975934,96.33393858280353,96.70853424072266,3191000
2023-05-24 00:00:00-04:00,96.86015875683867,96.89583550714102,96.39637461219674,96.40528869628906,2791700
2023-05-25 00:00:00-04:00,96.3160862190295,96.36960473902391,95.88797888693436,95.96824645996094,4197100
2023-05-26 00:00:00-04:00,96.00392362002998,96.1466306011074,95.8077049233702,96.08419799804688,3035100
2023-05-30 00:00:00-04:00,96.29826479915114,96.51231849531872,96.20907632613502,96.46772766113281,4166100
2023-05-31 00:00:00-04:00,96.53906418075289,96.68177116625166,96.36960814127758,96.59258270263672,6155400
2023-06-01 00:00:00-04:00,96.6399968659724,96.79205742108977,96.56843654908161,96.7473373413086,5326300
2023-06-02 00:00:00-04:00,96.71154854868674,96.7383819590333,96.24641335479015,96.27324676513672,2367500
2023-06-05 00:00:00-04:00,96.19273305477691,96.58630788302047,96.13011949795325,96.3984603881836,2160500
2023-06-06 00:00:00-04:00,96.3358459853697,96.47896658506174,96.16589880369266,96.45213317871094,2087000
2023-06-07 00:00:00-04:00,96.4789961485806,96.55949639230026,95.9333606376988,96.00492095947266,3181600
2023-06-08 00:00:00-04:00,96.15694363316207,96.51473827667013,96.14799689037393,96.47895812988281,2327600
2023-06-09 00:00:00-04:00,96.34479091902897,96.3984577307224,96.1927304029871,96.21061706542969,1903300
2023-06-12 00:00:00-04:00,96.2911376953125,96.30008443997913,95.98700979594653,96.2911376953125,3835000
2023-06-13 00:00:00-04:00,96.30901904635991,96.41635950333706,95.74549700205392,95.79916381835938,2959000
2023-06-14 00:00:00-04:00,96.12119542917895,96.3716497155555,95.81707431696957,96.04069519042969,2879900
2023-06-15 00:00:00-04:00,96.61315325597562,96.76521379504342,96.47897938205892,96.64893341064453,3435000
2023-06-16 00:00:00-04:00,96.31796016842425,96.48791417595959,96.1122260106517,96.3984603881836,2392000
2023-06-20 00:00:00-04:00,96.46110451238928,96.69367215044622,96.46110451238928,96.6042251586914,2826300
2023-06-21 00:00:00-04:00,96.40741737067066,96.71154526780366,96.28219024372372,96.61315155029297,3169900
2023-06-22 00:00:00-04:00,96.39847389633192,96.5684279276826,96.23746660988569,96.27324676513672,4519900
2023-06-23 00:00:00-04:00,96.78309361786029,96.80993385023946,96.47897256122533,96.50580596923828,2758200
2023-06-26 00:00:00-04:00,96.70261292719691,96.73839308656362,96.48793879536422,96.55055236816406,2912500
2023-06-27 00:00:00-04:00,96.67578625984103,96.80996016073703,96.21959772654188,96.28221130371094,3316800
2023-06-28 00:00:00-04:00,96.48790487267094,96.5862985702448,96.30006422031138,96.47895812988281,3616900
2023-06-29 00:00:00-04:00,95.93333429457296,95.99594785283952,95.71866021256842,95.84388732910156,2812800
2023-06-30 00:00:00-04:00,95.93334380289649,96.30902518973116,95.85284357330336,96.2643051147461,6657300
2023-07-03 00:00:00-04:00,96.3937203572844,96.53750753357217,96.12410997408912,96.15106964111328,1851800
2023-07-05 00:00:00-04:00,96.00728226947955,96.08816127038745,95.61185553665823,95.69274139404297,2609300
2023-07-06 00:00:00-04:00,95.2703466046564,95.35122559844201,94.89289073089476,95.18946075439453,3030500
2023-07-07 00:00:00-04:00,95.16248200604407,95.38715497458351,95.10856268766656,95.12653350830078,2395600
2023-07-10 00:00:00-04:00,95.20743202359591,95.4321050220609,95.18047236081624,95.3512191772461,1965300
2023-07-11 00:00:00-04:00,95.4051577985813,95.45008829024704,95.18048477082256,95.24339294433594,1460400
2023-07-12 00:00:00-04:00,95.70173592166216,96.32183576913553,95.65680542298355,96.29487609863281,3071800
2023-07-13 00:00:00-04:00,96.66332244538718,96.78913879394531,96.47459792254998,96.78913879394531,2665700
2023-07-14 00:00:00-04:00,96.56446719536495,96.65434189407642,96.2409374781389,96.27688598632812,2393100
2023-07-17 00:00:00-04:00,96.34877374848615,96.55547593660133,96.24991707458013,96.45661926269531,1768300
2023-07-18 00:00:00-04:00,96.56447341498196,96.66333010475034,96.33980036668608,96.41169738769531,1777500
2023-07-19 00:00:00-04:00,96.49256898031479,96.74420166015625,96.38472346475002,96.74420166015625,1842700
2023-07-20 00:00:00-04:00,96.54648711002635,96.71724079342943,96.2768767527032,96.708251953125,17993300
2023-07-21 00:00:00-04:00,96.8160974673495,96.90596530096515,96.65433262425086,96.708251953125,3073400
2023-07-24 00:00:00-04:00,96.69927815196591,96.80712368296307,96.59143947744602,96.75320434570312,2912400
2023-07-25 00:00:00-04:00,96.71725606664872,96.81611275617986,96.41169715633137,96.58245086669922,2052500
2023-07-26 00:00:00-04:00,96.54647305713436,96.69924903769116,96.36673741606462,96.61837005615234,2231400
2023-07-27 00:00:00-04:00,96.45660410148699,96.55546075985455,95.78258517069457,95.90840148925781,2826500
2023-07-28 00:00:00-04:00,95.96234511026859,96.27688598632812,95.94437428441242,96.27688598632812,1584800
2023-07-31 00:00:00-04:00,96.24092561327461,96.43863895570216,96.12409811842015,96.30384063720703,5960700
2023-08-01 00:00:00-04:00,95.9625314263518,96.01656905651319,95.67435592452611,95.7283935546875,2259800
2023-08-02 00:00:00-04:00,95.47625135765158,95.61133515167452,95.22409860648723,95.55730438232422,2257100
2023-08-03 00:00:00-04:00,95.1430427692211,95.1790655686708,94.935913390047,94.96292877197266,2828200
2023-08-04 00:00:00-04:00,95.32313436144716,95.91750014953625,95.32313436144716,95.88147735595703,2067500
2023-08-07 00:00:00-04:00,95.84547072695915,96.04359268973595,95.72840178106672,95.96253967285156,8487200
2023-08-08 00:00:00-04:00,96.12464143425242,96.27774005458421,95.89050353613877,95.94453430175781,1922100
2023-08-09 00:00:00-04:00,95.94452056844678,96.0075587428614,95.84545959856013,95.89949035644531,1383000
2023-08-10 00:00:00-04:00,95.91749519242804,96.08859486478005,95.40418243408203,95.40418243408203,2808000
2023-08-11 00:00:00-04:00,95.26008133046614,95.48521860223246,95.22405854250621,95.26908874511719,1967200
2023-08-14 00:00:00-04:00,95.25109098815562,95.32313657698857,95.04396850856777,95.07098388671875,1688600
2023-08-15 00:00:00-04:00,95.0169635115476,95.20607804991178,94.76481079372869,94.77381134033203,1615700
2023-08-16 00:00:00-04:00,94.76480406879034,94.91789579793827,94.48562911903413,94.49463653564453,2197800
2023-08-17 00:00:00-04:00,94.58468214373197,94.64772031341737,94.29650667222081,94.46761322021484,2168400
2023-08-18 00:00:00-04:00,94.57568496488882,94.84585250458113,94.5666844187061,94.62972259521484,1431000
2023-08-21 00:00:00-04:00,94.30553313526119,94.39558670005086,94.17044935275341,94.37757873535156,1499800
2023-08-22 00:00:00-04:00,94.3865590078059,94.55766555360456,94.34153567040553,94.53965759277344,1351000
2023-08-23 00:00:00-04:00,94.90888234220363,95.39517974853516,94.90888234220363,95.39517974853516,5432600
2023-08-24 00:00:00-04:00,95.16105073362272,95.32314989582308,94.82785186234442,94.96292877197266,9117500
2023-08-25 00:00:00-04:00,94.88189284211079,95.1520604317491,94.66576289278846,94.94493103027344,3501800
2023-08-28 00:00:00-04:00,95.09800048241236,95.10700789879319,94.89087800017272,94.99893951416016,1410900
2023-08-29 00:00:00-04:00,94.82784258178624,95.53026992569424,94.82784258178624,95.46723175048828,2281400
2023-08-30 00:00:00-04:00,95.49423428654819,95.54826503784493,95.30511978636474,95.32312774658203,1741200
2023-08-31 00:00:00-04:00,95.4132023548548,95.5753015151791,95.35016417420904,95.52127075195312,6068200
2023-09-01 00:00:00-04:00,95.46978262234855,95.47881066069658,95.00909767620287,95.02716064453125,1697100
2023-09-05 00:00:00-04:00,95.0090925811675,95.01812751066333,94.74713475884369,94.83746337890625,1999600
2023-09-06 00:00:00-04:00,95.00005079327335,95.0361836170162,94.6567993051634,94.69293212890625,2037700
2023-09-07 00:00:00-04:00,94.90069746694222,95.0723266752888,94.8465016713095,95.03619384765625,1257400
2023-09-08 00:00:00-04:00,95.26202565311752,95.41558501279549,95.19879492315407,95.25299072265625,1899300
2023-09-11 00:00:00-04:00,95.07232244276777,95.2168537468636,95.02715468732985,95.16265106201172,1660200
2023-09-12 00:00:00-04:00,95.18973959119248,95.26200523612889,95.14457873183065,95.20780944824219,1589300
2023-09-13 00:00:00-04:00,95.22587582070925,95.45170080049178,95.20781285464449,95.33427429199219,2328400
2023-09-14 00:00:00-04:00,95.33429208797617,95.41558578788982,95.09943213550439,95.18073272705078,1817900
2023-09-15 00:00:00-04:00,95.01813510427891,95.1174986617782,94.90973661656172,94.94586944580078,1822200
2023-09-18 00:00:00-04:00,94.91874444742604,95.16263236061896,94.89164655614134,95.14456939697266,1521400
2023-09-19 00:00:00-04:00,95.01812749679081,95.11749104633472,94.86456126191173,94.87359619140625,2313000
2023-09-20 00:00:00-04:00,95.03617176460219,95.17166811383164,94.67485046386719,94.67485046386719,1818500
2023-09-21 00:00:00-04:00,94.29548132219874,94.43097769315877,94.15095691370465,94.17805480957031,6247300
2023-09-22 00:00:00-04:00,94.26838257790098,94.59357110862558,94.23224975319474,94.50324249267578,1641800
2023-09-25 00:00:00-04:00,94.03350735833348,94.13287088719545,93.78961944580078,93.78961944580078,1780100
2023-09-26 00:00:00-04:00,93.84382711893733,93.87995994234093,93.48250577653262,93.55477142333984,2208800
2023-09-27 00:00:00-04:00,93.76252829280367,93.83478704401662,93.22054286310491,93.40120697021484,2139400
2023-09-28 00:00:00-04:00,93.30186288522344,93.89803733389552,93.12119874044974,93.87997436523438,1709800
2023-09-29 00:00:00-04:00,94.12382658147382,94.23222502714938,93.59088306306944,93.69024658203125,5679300
2023-10-02 00:00:00-04:00,93.41068018337225,93.51925765735565,93.06686187027596,93.12114715576172,6662900
2023-10-03 00:00:00-04:00,92.91307400963585,93.03069446090387,92.4244855995003,92.46067810058594,5004600
2023-10-04 00:00:00-04:00,92.67780769485934,92.90400560420899,92.56018726708199,92.86781311035156,2644600
2023-10-05 00:00:00-04:00,92.92209922822167,92.97639142099811,92.72305086474944,92.73209381103516,2283200
2023-10-06 00:00:00-04:00,92.10777535235881,92.63254916405529,92.05348316955416,92.39730834960938,2164800
2023-10-09 00:00:00-04:00,92.88590336933629,93.3654417839429,92.8225613342636,93.31114959716797,1424000
2023-10-10 00:00:00-04:00,93.05783323938216,93.46499368239581,92.97640529258751,93.34736633300781,3710500
2023-10-11 00:00:00-04:00,93.61878674013462,93.79069935086491,93.51020926446097,93.7635498046875,2106900
2023-10-12 00:00:00-04:00,93.67307053773247,93.7454555203645,93.03066934864994,93.16638946533203,2852600
2023-10-13 00:00:00-04:00,93.89928381424248,93.97166880873299,93.66403603365488,93.77261352539062,2463800
2023-10-16 00:00:00-04:00,93.4288044574692,93.5464249079663,93.33832665685497,93.50118255615234,1538400
2023-10-17 00:00:00-04:00,92.98543195242641,93.16639441862756,92.84066888247774,93.04876708984375,1930800
2023-10-18 00:00:00-04:00,92.98542940368907,93.09400688043364,92.6868534229126,92.84971618652344,1575400
2023-10-19 00:00:00-04:00,92.63256752928878,93.09401320805269,92.63256752928878,92.7682876586914,12019700
2023-10-20 00:00:00-04:00,92.90400401989508,93.14829472050131,92.85876167759173,93.04876708984375,3301500
2023-10-23 00:00:00-04:00,92.70495359479588,93.13925663332303,92.5782833133531,93.0668716430664,2632000
2023-10-24 00:00:00-04:00,92.9854297772388,93.17544208805816,92.78638142359222,93.1482925415039,2951400
2023-10-25 00:00:00-04:00,92.84971624957076,92.88590874184352,92.65066099357658,92.75923156738281,2265400
2023-10-26 00:00:00-04:00,92.8587407633239,93.29304368137778,92.81350533422102,93.25685119628906,1941900
2023-10-27 00:00:00-04:00,93.21163853014605,93.4106938099809,93.05782559682382,93.3926010131836,2640900
2023-10-30 00:00:00-04:00,93.06686243843224,93.3383026735419,92.98542760669457,93.24781799316406,1582200
2023-10-31 00:00:00-04:00,93.28402186619158,93.41069215056113,92.98543895174356,93.01258850097656,5219300
2023-11-01 00:00:00-04:00,93.15980073346087,93.85956399888516,93.11435858888231,93.82321166992188,3244500
2023-11-02 00:00:00-04:00,94.34122831560222,94.49572746032192,94.08676892453224,94.25035095214844,2869700
2023-11-03 00:00:00-04:00,94.93194425302589,95.08643646860003,94.70474737124088,94.73200988769531,3444000
2023-11-06 00:00:00-05:00,94.57751829679029,94.62296044684688,94.35032141350469,94.48664093017578,2356100
2023-11-07 00:00:00-05:00,94.60477698542684,94.86832619139398,94.55934177070735,94.74109649658203,1600400
2023-11-08 00:00:00-05:00,94.67749521596564,94.96830697913593,94.64114287888192,94.95013427734375,1835300
2023-11-09 00:00:00-05:00,94.76835876889103,94.81380091699225,94.08676814836276,94.15038299560547,2328000
2023-11-10 00:00:00-05:00,94.35031908982371,94.38667142227395,94.0958596961705,94.18673706054688,2920900
2023-11-13 00:00:00-05:00,93.87776119879042,94.15039331678987,93.77779400880756,94.12313079833984,1329700
2023-11-14 00:00:00-05:00,94.8956069946289,95.0955413917202,94.76837727529802,94.8956069946289,2794300
2023-11-15 00:00:00-05:00,94.57751829679029,94.58660811350134,94.30487926344811,94.48664093017578,2358300
2023-11-16 00:00:00-05:00,94.6774856274034,94.95920754439625,94.6774856274034,94.83197784423828,2540100
2023-11-17 00:00:00-05:00,95.00462756246472,95.04097988739825,94.76834091714528,94.93192291259766,2073700
2023-11-20 00:00:00-05:00,94.78653690254323,95.23184082619998,94.77744708636708,95.21366119384766,1511500
2023-11-21 00:00:00-05:00,95.11369244927042,95.18639017168778,94.77743861578683,95.01372528076172,7051400
2023-11-22 00:00:00-05:00,95.05918736043542,95.12280221896829,94.79563810837084,95.10462951660156,1395400
2023-11-24 00:00:00-05:00,94.84107722105401,94.89560225990401,94.68658498864615,94.70475769042969,498200
2023-11-27 00:00:00-05:00,94.86831596893177,95.02280816262788,94.74108628782935,95.01372528076172,2231700
2023-11-28 00:00:00-05:00,94.85014838497061,95.41359216494232,94.84105856911681,95.3863296508789,3241400
2023-11-29 00:00:00-05:00,95.59537095747395,95.84074056154428,95.52266628460154,95.76803588867188,3617200
2023-11-30 00:00:00-05:00,95.59536743164062,95.67715498548111,95.39543305536527,95.59536743164062,6295600
2023-12-01 00:00:00-05:00,95.46418806519083,96.13832963039303,95.46418806519083,96.08367156982422,5444600
2023-12-04 00:00:00-05:00,95.78304952963856,95.91058965281394,95.59173934487548,95.6828384399414,2523700
2023-12-05 00:00:00-05:00,95.96520903154193,96.35694123777306,95.96520903154193,96.20207214355469,10909800
2023-12-06 00:00:00-05:00,96.1565347537232,96.37517390352082,96.08365272031956,96.30229187011719,3262400
2023-12-07 00:00:00-05:00,96.18387300568126,96.47539421684851,96.18387300568126,96.2203140258789,2956600
2023-12-08 00:00:00-05:00,95.86501910855091,96.1200992897861,95.75569605212998,96.10187530517578,1657400
2023-12-11 00:00:00-05:00,95.85592030266488,95.91969035674622,95.63728111015958,95.9014663696289,1898300
2023-12-12 00:00:00-05:00,95.79212845093829,95.93788556263637,95.69191739584016,95.84678649902344,1860800
2023-12-13 00:00:00-05:00,95.92879322779727,97.16776011819675,95.88324021475057,97.1495361328125,2778900
2023-12-14 00:00:00-05:00,97.92388711748897,98.44315948591633,97.9147820753581,98.21540832519531,4948700
2023-12-15 00:00:00-05:00,97.84191018057327,98.11520743152703,97.79635716354036,98.05143737792969,3185200
2023-12-18 00:00:00-05:00,97.89655503635403,97.93299605498227,97.75990295410156,97.75990295410156,1608200
2023-12-19 00:00:00-05:00,97.87834970206632,98.06965985992245,97.7599146397641,97.82368469238281,1624700
2023-12-20 00:00:00-05:00,98.05142721145964,98.24273735241563,97.88744609772395,98.21540832519531,1843200
2023-12-21 00:00:00-05:00,98.22453050215726,98.30652454273358,97.9147922276601,98.05143737792969,4795900
2023-12-22 00:00:00-05:00,98.17896527961706,98.18807727197375,97.76901597894363,97.86011505126953,1187800
2023-12-26 00:00:00-05:00,97.87836152388397,97.98767765562535,97.8328085020482,97.91480255126953,1307100
2023-12-27 00:00:00-05:00,98.14252874953355,98.39760892581398,98.08786374717809,98.36116790771484,1472400
2023-12-28 00:00:00-05:00,98.22451839631204,98.43405251825862,98.01498427436543,98.04232025146484,2011500
2023-12-29 00:00:00-05:00,97.82368571290246,98.17897700268668,97.80546867642755,97.92389678955078,5159200
2024-01-02 00:00:00-05:00,97.62326490460447,97.85101607474353,97.54127086913905,97.78723907470703,2635700
2024-01-03 00:00:00-05:00,97.43196361231972,97.96946007526466,97.39552953555098,97.94213104248047,1920700
2024-01-04 00:00:00-05:00,97.52306669746541,97.59594179920774,97.42285561335278,97.48662567138672,1897600
2024-01-05 00:00:00-05:00,97.27708684720238,97.70526019508871,97.18598776157894,97.26797485351562,2040600
2024-01-08 00:00:00-05:00,97.18597862495919,97.67792198157495,97.18597862495919,97.53215789794922,1399400
2024-01-09 00:00:00-05:00,97.40462088107803,97.61415502031447,97.34085083007812,97.34085083007812,1535600
2024-01-10 00:00:00-05:00,97.504848868785,97.54128989716574,97.24065662583627,97.25888061523438,1427300
2024-01-11 00:00:00-05:00,97.52305700025939,97.81457822948643,97.42284592611124,97.77813720703125,2352100
2024-01-12 00:00:00-05:00,98.02408861228213,98.24272775910852,97.96943056317882,98.19718170166016,1741200
2024-01-16 00:00:00-05:00,97.93302257280632,98.05145070260525,97.56861923826627,97.69615936279297,2383300
2024-01-17 00:00:00-05:00,97.37728382776504,97.49571192688745,97.24974373627515,97.3955078125,2933200
2024-01-18 00:00:00-05:00,97.40459706314141,97.49569612080603,97.2497279700703,97.42282104492188,5550300
2024-01-19 00:00:00-05:00,97.35905952763294,97.4957046508789,97.17685444594966,97.4957046508789,1461900
2024-01-22 00:00:00-05:00,97.49570675661701,97.65968785846707,97.46837773137756,97.541259765625,1443200
2024-01-23 00:00:00-05:00,97.13132828386908,97.26797343510424,97.03111720602021,97.22242736816406,1191300
2024-01-24 00:00:00-05:00,97.40461636917354,97.42284035456609,96.98555506052638,96.99466705322266,1282300
2024-01-25 00:00:00-05:00,97.26795157852325,97.3499456012545,97.1313064579929,97.32261657714844,1717800
2024-01-26 00:00:00-05:00,97.34995733804853,97.34995733804853,97.1586471958281,97.23152923583984,1706300
2024-01-29 00:00:00-05:00,97.47750794645587,97.74170015718295,97.42284988575878,97.65970611572266,1275600
2024-01-30 00:00:00-05:00,97.70524244065147,97.7963415097209,97.48660328480214,97.61414337158203,2152100
2024-01-31 00:00:00-05:00,97.91478665749506,98.26096593584224,97.77813456458476,98.2518539428711,8965800
2024-02-01 00:00:00-05:00,98.51604109040491,98.88044433603211,98.34294798488888,98.42494201660156,2966600
2024-02-02 00:00:00-05:00,97.62326500075869,97.74169310719856,97.29530275940229,97.47750091552734,3070100
2024-02-05 00:00:00-05:00,97.1222260138166,97.21332510723208,96.876250816138,96.93091583251953,1869800
2024-02-06 00:00:00-05:00,97.03112940066637,97.41374977304089,97.02201740596732,97.25888061523438,2163600
2024-02-07 00:00:00-05:00,97.14953456638946,97.34084470735583,97.07665252685547,97.07665252685547,1489700
2024-02-08 00:00:00-05:00,96.96734315738777,97.10398830299383,96.90357310596684,97.0037841796875,1603900
2024-02-09 00:00:00-05:00,96.848910107503,97.003786193095,96.81246908444692,96.86713409423828,1506700
2024-02-12 00:00:00-05:00,96.8762361032727,96.9309011113521,96.73959095910983,96.90357208251953,1134700
2024-02-13 00:00:00-05:00,96.46627864919321,96.58470674763622,96.2749685130559,96.2840805053711,1771000
2024-02-14 00:00:00-05:00,96.52094527382113,96.80336145736321,96.52094527382113,96.69403839111328,1606700
2024-02-15 00:00:00-05:00,96.9491063015133,96.99465931094458,96.80334918207727,96.81245422363281,1894000
2024-02-16 00:00:00-05:00,96.58471795867158,96.73959404435259,96.55738892896741,96.71226501464844,1063600
2024-02-20 00:00:00-05:00,96.77602885618157,96.88534496798212,96.73047584265534,96.75780487060547,1013900
2024-02-21 00:00:00-05:00,96.78512772842568,96.83979273125503,96.54827153434826,96.64847564697266,1772800
2024-02-22 00:00:00-05:00,96.59382473020237,96.80335886396433,96.35696156821365,96.52094268798828,5515200
2024-02-23 00:00:00-05:00,96.49359497870235,96.87621520063026,96.49359497870235,96.76689910888672,1160500
2024-02-26 00:00:00-05:00,96.78514206930365,96.79425406286096,96.58471991353068,96.73048400878906,1413600
2024-02-27 00:00:00-05:00,96.7395853822283,96.8489014912567,96.58470931041498,96.61204528808594,2781900
2024-02-28 00:00:00-05:00,96.73958529876626,96.94000743236387,96.70314427898361,96.92178344726562,1485700
2024-02-29 00:00:00-05:00,97.00378817577318,97.23153936171794,96.99467618221931,97.22242736816406,6257500
2024-03-01 00:00:00-05:00,97.12222336924702,97.61416680079365,96.94913023118012,97.58683776855469,2949700
2024-03-04 00:00:00-05:00,97.34084067039987,97.52304576167838,97.3226236364788,97.50482177734375,1857200
2024-03-05 00:00:00-05:00,97.7963637624577,98.02411496216088,97.71437666676378,97.95123291015625,1512900
2024-03-06 00:00:00-05:00,98.0241119233101,98.22453408490199,97.92390084251416,97.9876708984375,2931800
2024-03-07 00:00:00-05:00,98.06965838315041,98.07877037636287,97.80546618330423,97.9330062866211,2014800
2024-03-08 00:00:00-05:00,98.08786616885703,98.19718922585349,97.960326077568,98.01498413085938,1313800
2024-03-11 00:00:00-04:00,98.05143086997293,98.05143086997293,97.81457465828342,97.84190368652344,1928900
2024-03-12 00:00:00-04:00,97.8054657505069,97.83279477960896,97.63237263230809,97.65059661865234,2379800
2024-03-13 00:00:00-04:00,97.6323593679047,97.67791237716214,97.45016123170166,97.51393127441406,1696100
2024-03-14 00:00:00-04:00,97.28618669467821,97.28618669467821,96.87623043493386,96.92178344726562,1954300
2024-03-15 00:00:00-04:00,96.96735530715958,97.03112536657073,96.8580322265625,96.8580322265625,1288400
2024-03-18 00:00:00-04:00,96.85799816881058,96.89443918286268,96.70312907189873,96.76689910888672,1908100
2024-03-19 00:00:00-04:00,96.90357208251953,97.0948822347618,96.86713106060468,96.90357208251953,1518000
2024-03-20 00:00:00-04:00,96.95820878488779,97.31349998228593,96.9035507392612,97.28617095947266,1758700
2024-03-21 00:00:00-04:00,97.64148771750756,97.69614577744255,97.38640750392491,97.45928955078125,2337500
2024-03-22 00:00:00-04:00,97.91476834822409,97.91476834822409,97.74167526621044,97.79633331298828,2385700
2024-03-25 00:00:00-04:00,97.76903493547775,97.77814692960119,97.46840168313986,97.48662567138672,1902700
2024-03-26 00:00:00-04:00,97.5048192824799,97.61414233444975,97.40460822244421,97.51393127441406,932200
2024-03-27 00:00:00-04:00,97.62325743169535,97.88744265246925,97.61414543947134,97.81456756591797,1758100
2024-03-28 00:00:00-04:00,97.6505986614946,97.9785609184089,97.6505986614946,97.85102081298828,2137800
2024-04-01 00:00:00-04:00,97.55475491003627,97.56387242058706,97.19013794347825,97.21748352050781,1639800
2024-04-02 00:00:00-04:00,97.01693819337919,97.27217284702361,96.87108584579798,97.24482727050781,1899400
2024-04-03 00:00:00-04:00,96.97135759610438,97.2630553366441,96.8984383769365,97.24482727050781,1396200
2024-04-04 00:00:00-04:00,97.40889256566922,97.61854658949902,97.21746660514658,97.60943603515625,1971100
2024-04-05 00:00:00-04:00,97.3177484031102,97.50005687352018,97.19013108289873,97.1992416381836,1608800
2024-04-08 00:00:00-04:00,97.08074403455625,97.21747886778293,97.00781786288567,97.16278076171875,1830200
2024-04-09 00:00:00-04:00,97.35422111873834,97.46360342995587,97.30864051931567,97.41802978515625,1309500
2024-04-10 00:00:00-04:00,96.9531315319722,97.0169401967009,96.47000779122305,96.47911834716797,2194300
2024-04-11 00:00:00-04:00,96.66141633073146,96.68876190287398,96.30590998363543,96.39706420898438,5224100
2024-04-12 00:00:00-04:00,96.82550634622945,96.98958675002184,96.7343521118164,96.7343521118164,5867200
2024-04-15 00:00:00-04:00,96.37886482763633,96.4244384765625,96.13274069586508,96.4244384765625,1793900
2024-04-16 00:00:00-04:00,96.13272719436382,96.27857954153993,95.99599235754191,96.03245544433594,4094600
2024-04-17 00:00:00-04:00,96.14183682322509,96.47910817783135,96.1236018040116,96.40618896484375,2567400
2024-04-18 00:00:00-04:00,96.37887437414047,96.38798493205391,96.12363270545235,96.27860260009766,1491900
2024-04-19 00:00:00-04:00,96.47001908011234,96.55205582095364,96.38797538464736,96.4244384765625,1484700
2024-04-22 00:00:00-04:00,96.25122491423878,96.4700034302382,96.25122491423878,96.43354034423828,1561200
2024-04-23 00:00:00-04:00,96.32416807782265,96.67967453575486,96.2603594047226,96.52471160888672,2243100
2024-04-24 00:00:00-04:00,96.37884819119205,96.41530432219064,96.17830469758746,96.32415008544922,1970900
2024-04-25 00:00:00-04:00,95.96865318458482,96.22388785455077,95.94130760632036,96.17831420898438,2417600
2024-04-26 00:00:00-04:00,96.36062980436692,96.54294526394261,96.36062980436692,96.4244384765625,1382600
2024-04-29 00:00:00-04:00,96.57029136470848,96.73437180189912,96.52471076091298,96.66144561767578,1333900
2024-04-30 00:00:00-04:00,96.36973876509262,96.47912107650883,96.16007774383976,96.19654083251953,3238400
2024-05-01 00:00:00-04:00,96.36444879377885,96.67643028247083,96.04329652644472,96.35527801513672,3188300
2024-05-02 00:00:00-04:00,96.38281194077896,96.77737247188143,96.36445638086074,96.70396423339844,2093000
2024-05-03 00:00:00-04:00,97.29121969178095,97.37380571323794,96.96088960714336,97.199462890625,2388300
2024-05-06 00:00:00-04:00,97.2086266952424,97.30038348320649,97.13521846463345,97.24533081054688,1027400
2024-05-07 00:00:00-04:00,97.52978583889303,97.52978583889303,97.19027799880348,97.22698211669922,2088700
2024-05-08 00:00:00-04:00,97.12605247491288,97.20863849452087,97.07099979557093,97.11687469482422,1508100
2024-05-09 00:00:00-04:00,97.11688287568893,97.4930948844702,97.11688287568893,97.46556854248047,2047100
2024-05-10 00:00:00-04:00,97.41051252613435,97.46556520823049,97.24534747925058,97.30957794189453,1922100
2024-05-13 00:00:00-04:00,97.43802386095582,97.48389875543904,97.30038517631756,97.34626007080078,1492900
2024-05-14 00:00:00-04:00,97.39216932113573,97.55733438897391,97.35546519488322,97.5298080444336,1609500
2024-05-15 00:00:00-04:00,97.8326076680954,98.10787810236889,97.75919941871742,98.02529907226562,2707600
2024-05-16 00:00:00-04:00,98.08951105418511,98.09868883377668,97.88764190673828,97.88764190673828,1492400
2024-05-17 00:00:00-04:00,97.8142317369366,97.93352186748423,97.78670539930084,97.79588317871094,2103100
2024-05-20 00:00:00-04:00,97.70412548685643,97.82340861571134,97.68576992820525,97.7591781616211,2841700
2024-05-21 00:00:00-04:00,97.97939973583516,98.03445241277686,97.91516927920493,97.94269561767578,1827900
2024-05-22 00:00:00-04:00,97.79588601074487,97.98857738036975,97.79588601074487,97.92434692382812,2187700
2024-05-23 00:00:00-04:00,97.97939848220894,97.97939848220894,97.48390339428924,97.54813385009766,1413600
2024-05-24 00:00:00-04:00,97.52061820552476,97.72248737465688,97.52061820552476,97.66743469238281,592900
2024-05-28 00:00:00-04:00,97.80505217174094,97.82340773022597,97.35543899717904,97.37379455566406,1829800
2024-05-29 00:00:00-04:00,97.19026118048913,97.208616736558,96.95169495634163,97.1443862915039,1883700
2024-05-30 00:00:00-04:00,97.41051688429958,97.55732637665601,97.40133910334114,97.52062225341797,1055200
2024-05-31 00:00:00-04:00,97.8234192088911,97.92435379061935,97.67660272616084,97.90599822998047,1867600
2024-06-03 00:00:00-04:00,97.95864312692534,98.32819520817509,97.94016869474171,98.31895446777344,1880200
2024-06-04 00:00:00-04:00,98.48524979497,98.67002935473212,98.41133797106517,98.62383270263672,1787900
2024-06-05 00:00:00-04:00,98.71624888746348,98.87330627441406,98.46680521693149,98.87330627441406,2253400
2024-06-06 00:00:00-04:00,98.72546715598185,98.84556859243496,98.65155532649378,98.7901382446289,1778500
2024-06-07 00:00:00-04:00,98.2081038980956,98.2081038980956,97.97713470458984,97.97713470458984,2165200
2024-06-10 00:00:00-04:00,97.91245858272367,97.94940744900063,97.8015908380327,97.83854675292969,2040200
2024-06-11 00:00:00-04:00,97.92169624809583,98.16190618036264,97.83855072266904,98.10647583007812,2400400
2024-06-12 00:00:00-04:00,98.65155499109932,98.7716634757641,98.20809811291856,98.25428771972656,1989800
2024-06-13 00:00:00-04:00,98.51296892347274,98.85480583629764,98.46677931814166,98.6423110961914,1906100
2024-06-14 00:00:00-04:00,98.73470548107197,98.85480691458655,98.64231217216246,98.76242065429688,1395600
2024-06-17 00:00:00-04:00,98.5314464470654,98.63307344277969,98.45753462316057,98.62383270263672,1020400
2024-06-18 00:00:00-04:00,98.8455716962767,99.07654088421458,98.79938208786129,99.02111053466797,1401800
2024-06-20 00:00:00-04:00,98.67926994288445,99.04882203961694,98.67003625071561,99.03958129882812,3173500
2024-06-21 00:00:00-04:00,99.12273859958361,99.19665043218174,98.87328792672,98.89176940917969,1022800
2024-06-24 00:00:00-04:00,98.91948178616397,98.96567844238614,98.81785478137128,98.94719696044922,950100
2024-06-25 00:00:00-04:00,98.88253455545204,99.06731414794922,98.87329381367199,99.06731414794922,2228700
2024-06-26 00:00:00-04:00,98.72547844899388,98.82710546400989,98.65156661105118,98.77167510986328,1982200
2024-06-27 00:00:00-04:00,98.984166594142,99.07655287077024,98.92873623788927,98.95645141601562,779900
2024-06-28 00:00:00-04:00,99.17817505635855,99.20589023313427,98.63309111678093,98.65156555175781,1960900
2024-07-01 00:00:00-04:00,98.32409212201878,98.62094729804544,98.19421842485622,98.2591552734375,4132700
2024-07-02 00:00:00-04:00,98.56527422431556,98.6116607138079,98.32407721860766,98.4446792602539,2341900
2024-07-03 00:00:00-04:00,98.58383668905925,98.92707835176543,98.58383668905925,98.83431243896484,854300
2024-07-05 00:00:00-04:00,99.14972834373933,99.39092540435414,99.0198546366974,99.27960205078125,1192500
2024-07-08 00:00:00-04:00,99.20538489449802,99.3445302273281,99.10334026536557,99.24249267578125,1156500
2024-07-09 00:00:00-04:00,99.1682707335733,99.22392886312474,98.97346020255804,99.09405517578125,4961700
2024-07-10 00:00:00-04:00,99.16828577479458,99.2981594818365,99.13117799027029,99.27960205078125,1476000
2024-07-11 00:00:00-04:00,99.65994080879388,99.74342800679918,99.5022380497269,99.57644653320312,1321100
2024-07-12 00:00:00-04:00,99.64139545976148,99.74343301436222,99.52079339758514,99.73416137695312,1678800
2024-07-15 00:00:00-04:00,99.65065491358766,99.78980731115485,99.56716772159832,99.6692123413086,930200
2024-07-16 00:00:00-04:00,99.80837556414858,100.0588513402149,99.75271742617215,99.97535705566406,818200
2024-07-17 00:00:00-04:00,99.95680066665383,100.09595308077887,99.86403474976575,100.01245880126953,956000
2024-07-18 00:00:00-04:00,99.89185480330868,100.03100720487726,99.78053146653679,99.78981018066406,1272900
2024-07-19 00:00:00-04:00,99.6877821855208,99.70633961687066,99.53007940697866,99.54862976074219,1948200
2024-07-22 00:00:00-04:00,99.53006128368172,99.58571941242391,99.2703139127714,99.42801666259766,2347900
2024-07-23 00:00:00-04:00,99.44657634497831,99.58572875747682,99.36308914403062,99.37236785888672,2039600
2024-07-24 00:00:00-04:00,99.47440790708309,99.5764454554567,99.07550811767578,99.07550811767578,1252900
2024-07-25 00:00:00-04:00,99.20539514801195,99.48369292002154,99.19611643233573,99.31671142578125,1073200
2024-07-26 00:00:00-04:00,99.59500281559951,99.66921837580674,99.47440783845181,99.63211059570312,1458800
2024-07-29 00:00:00-04:00,99.80836986415495,99.81764857914986,99.65066709717058,99.73416137695312,973300
2024-07-30 00:00:00-04:00,99.82692229722497,99.91968820977313,99.67849117507954,99.80836486816406,693500
2024-07-31 00:00:00-04:00,100.08665630829873,100.37423272204335,99.85473801912804,100.35568237304688,1585700
2024-08-01 00:00:00-04:00,100.52573838650214,100.77660825704149,100.46069752459029,100.48857116699219,3247900
2024-08-02 00:00:00-04:00,100.89738340502934,101.10179954153779,100.70226084443165,100.97171783447266,1393900
2024-08-05 00:00:00-04:00,101.01818987625748,101.39914146397153,100.74873285620502,101.25977325439453,3172500
2024-08-06 00:00:00-04:00,101.01818413844298,101.04605777877516,100.65581263628111,100.67439270019531,2115100
2024-08-07 00:00:00-04:00,100.5257297756014,100.69297870460875,100.30272647764384,100.36776733398438,1239900
2024-08-08 00:00:00-04:00,100.15407604672536,100.30273783994916,100.02399431930861,100.27486419677734,1189900
2024-08-09 00:00:00-04:00,100.63724227056916,100.63724227056916,100.4514132447423,100.5350341796875,804900
2024-08-12 00:00:00-04:00,100.45141115843516,100.84165635792021,100.40495035848194,100.80448913574219,611300
2024-08-13 00:00:00-04:00,101.02748205337957,101.04606211809168,100.8881067568116,101.0181884765625,717700
2024-08-14 00:00:00-04:00,101.0832209942936,101.23188276648793,100.90667849394896,100.96243286132812,516100
2024-08-15 00:00:00-04:00,100.54430974596944,100.74872589111328,100.47926888968928,100.74872589111328,443800
2024-08-16 00:00:00-04:00,100.91597161961822,100.93455168271404,100.66509468983533,100.71155548095703,840100
2024-08-19 00:00:00-04:00,100.69297515224318,100.94384499244286,100.69297515224318,100.77659606933594,1159300
2024-08-20 00:00:00-04:00,100.9996049397013,101.23189474599216,100.95315123179651,101.1761474609375,1449500
2024-08-21 00:00:00-04:00,101.26905768538586,101.46418026375238,101.08322868377643,101.39913940429688,2223600
2024-08-22 00:00:00-04:00,101.11109507489739,101.11109507489739,100.78589080093882,101.08322143554688,1018100
2024-08-23 00:00:00-04:00,101.21331428053429,101.73364117611393,101.14827341858684,101.62214660644531,790400
2024-08-26 00:00:00-04:00,101.79867287857205,101.84513367103511,101.63142395019531,101.63142395019531,1096600
2024-08-27 00:00:00-04:00,101.4270148945541,101.70575838256757,101.39913416572327,101.63142395019531,1599400
2024-08-28 00:00:00-04:00,101.68718746839276,101.75222833034022,101.56639223268871,101.62214660644531,687600
2024-08-29 00:00:00-04:00,101.49206640440093,101.54781369007117,101.3991448097207,101.48277282714844,746100
2024-08-30 00:00:00-04:00,101.43629045505716,101.51062487942201,101.0925061479813,101.15754699707031,1160900
2024-09-03 00:00:00-04:00,101.4177997689167,101.65015359318402,101.30626738055302,101.36203002929688,2892600
2024-09-04 00:00:00-04:00,101.35272572787588,101.67801961471726,101.30625213366643,101.63154602050781,2176700
2024-09-05 00:00:00-04:00,101.81746092662581,101.81746092662581,101.54792960701974,101.6966323852539,6292500
2024-09-06 00:00:00-04:00,101.91039809722504,102.22639592361682,101.70592557855902,101.76168823242188,2264200
2024-09-09 00:00:00-04:00,101.82673877456718,102.05909260133708,101.73379866203442,101.99403381347656,1377500
2024-09-10 00:00:00-04:00,101.94756314242738,102.25426479218214,101.91038568075618,102.21709442138672,2782200
2024-09-11 00:00:00-04:00,102.25427710957413,102.54240069951388,102.20781059504468,102.28216552734375,1550000
2024-09-12 00:00:00-04:00,102.21710675172862,102.3658095254755,102.105574353261,102.30075073242188,1787300
2024-09-13 00:00:00-04:00,102.71897063390333,102.72826677187781,102.52379428169299,102.64462280273438,1689400
2024-09-16 00:00:00-04:00,102.84909235601319,103.04426870265019,102.7654412983828,102.99779510498047,944400
2024-09-17 00:00:00-04:00,103.02567584727579,103.08144558234059,102.90485442124029,102.96061706542969,2195700
2024-09-18 00:00:00-04:00,102.78404000533125,103.2208663537444,102.54239712010913,102.57957458496094,1191400
2024-09-19 00:00:00-04:00,102.54239710432465,102.91416466190903,102.49592350054796,102.88627624511719,1789600
2024-09-20 00:00:00-04:00,102.70969448255207,102.86769339357771,102.53310329324309,102.74687194824219,1088700
2024-09-23 00:00:00-04:00,102.57029192237103,102.86770458938501,102.41229299414927,102.75617218017578,1208900
2024-09-24 00:00:00-04:00,102.67250527484443,103.06285798363376,102.58885421388915,103.00709533691406,1880400
2024-09-25 00:00:00-04:00,102.81194428573063,102.82123333521957,102.59817560256796,102.61676788330078,1181600
2024-09-26 00:00:00-04:00,102.59815042638822,102.63532788785355,102.33791528700655,102.48661804199219,2141700
2024-09-27 00:00:00-04:00,102.68180144017956,102.83980033317779,102.60744651728308,102.73756408691406,892400
2024-09-30 00:00:00-04:00,102.74685552985031,102.78402589872427,102.4866133116047,102.67250061035156,1592400
2024-10-01 00:00:00-04:00,102.96280523863102,103.30706453674692,102.92558667421288,103.00932312011719,3069000
2024-10-02 00:00:00-04:00,102.71157647988237,102.9814057341546,102.63713935483175,102.91627502441406,2561600
2024-10-03 00:00:00-04:00,102.70227768167051,102.93488839066944,102.46036765538678,102.47897338867188,1590600
2024-10-04 00:00:00-04:00,101.96722891971228,102.08819103385954,101.76253745483925,101.78114318847656,1919500
2024-10-07 00:00:00-04:00,101.61366270015372,101.7532305472643,101.56714481692725,101.66948699951172,1643900
2024-10-08 00:00:00-04:00,101.49270055206777,101.85557266982207,101.45548198887309,101.83695983886719,1951200
2024-10-09 00:00:00-04:00,101.54854487075131,101.67880631826,101.42758984055511,101.65089416503906,2538600
2024-10-10 00:00:00-04:00,101.66948274026682,101.87418129429146,101.59505271047945,101.85557556152344,1854500
2024-10-11 00:00:00-04:00,101.80905965153752,102.05097679136551,101.74392893297414,101.8648910522461,1716200
2024-10-14 00:00:00-04:00,101.51130394472504,101.79043961289425,101.50199752946209,101.76252746582031,1095800
2024-10-15 00:00:00-04:00,101.83697271627867,102.0137591391295,101.79976124709364,101.87419128417969,911200
2024-10-16 00:00:00-04:00,102.00444797723459,102.02306080967722,101.86488722749311,101.8927993774414,681000
2024-10-17 00:00:00-04:00,101.64157106241456,101.72531460704664,101.52061605207413,101.58574676513672,1163900
2024-10-18 00:00:00-04:00,101.72530745781494,101.86487528991606,101.72530745781494,101.75321960449219,964800
2024-10-21 00:00:00-04:00,101.47411118777434,101.50202334194647,100.99028395178489,101.01819610595703,1783100
2024-10-22 00:00:00-04:00,101.23219012624298,101.29732084514428,101.06471012068023,101.15775299072266,1464100
2024-10-23 00:00:00-04:00,100.9344439067391,100.98096179020115,100.7762632265644,100.90652465820312,1311000
2024-10-24 00:00:00-04:00,100.96234747693629,101.19495817062649,100.89721676665162,101.00886535644531,1505000
2024-10-25 00:00:00-04:00,101.12982792226654,101.12982792226654,100.69251868033709,100.7390365600586,1677500
2024-10-28 00:00:00-04:00,100.68321560734121,100.69252202308047,100.37616777638281,100.54364776611328,1848300
2024-10-29 00:00:00-04:00,100.33897014508253,100.71114876642999,100.21801511009923,100.69254302978516,8300200
2024-10-30 00:00:00-04:00,100.79488894619462,101.19497970844363,100.77627611145753,100.88793182373047,1174900
2024-10-31 00:00:00-04:00,100.79487320780738,100.9437403688769,100.56226250092999,100.77626037597656,3683800
2024-11-01 00:00:00-04:00,100.90569294758618,101.02674742214818,100.26315719552406,100.34696960449219,2613400
2024-11-04 00:00:00-05:00,100.78464620761154,100.8405164148428,100.38422647849647,100.51459503173828,1901900
2024-11-05 00:00:00-05:00,100.43078000096304,100.71014523895084,100.22591310704574,100.60771179199219,3188100
2024-11-06 00:00:00-05:00,100.03036921983484,100.67290506188448,99.99312004447142,100.44941711425781,1828500
2024-11-07 00:00:00-05:00,100.56115466911069,100.91501827269862,100.5425336342367,100.82189178466797,4425600
2024-11-08 00:00:00-05:00,101.07332984683882,101.21301248526525,100.91502617208079,101.10126495361328,2767200
2024-11-11 00:00:00-05:00,100.83120600750394,100.87776925158997,100.68221641462505,100.76602172851562,1465400
2024-11-12 00:00:00-05:00,100.58909363419701,100.74740440719278,100.17005284019102,100.23523712158203,3034500
2024-11-13 00:00:00-05:00,100.5704778795851,100.6542832009654,99.96519117513972,100.04900360107422,2857900
2024-11-14 00:00:00-05:00,100.31904431095604,100.44009879735322,99.98380885141398,100.03036499023438,2095500
2024-11-15 00:00:00-05:00,99.83479304941947,100.2352127103187,99.69511045058447,100.05828094482422,3513200
2024-11-18 00:00:00-05:00,100.03967032048035,100.35627761319307,99.98380011695525,100.30040740966797,1572000
2024-11-19 00:00:00-05:00,100.50528058841309,100.62633507181485,100.42146817332471,100.4587173461914,1349300
2024-11-20 00:00:00-05:00,100.36559953781097,100.663585820857,100.32835036436103,100.41216278076172,2465200
2024-11-21 00:00:00-05:00,100.41216023850907,100.55184285927145,100.18866520346799,100.28179168701172,2007300
2024-11-22 00:00:00-05:00,100.29110081805815,100.47734668461538,100.21660957598863,100.35628509521484,1541900
2024-11-25 00:00:00-05:00,100.831202337589,100.94294985659612,100.61702847351702,100.90570068359375,2028500
2024-11-26 00:00:00-05:00,100.8684425218938,100.92431272414193,100.61701950722453,100.67288970947266,2612500
2024-11-27 00:00:00-05:00,101.02675875684534,101.06400793117115,100.83120592005002,100.98950958251953,2106700
2024-11-29 00:00:00-05:00,101.22231329808659,101.28749757811597,101.07332370282815,101.27819061279297,2221400
2024-12-02 00:00:00-05:00,100.97968157842615,101.45543080078984,100.97968157842615,101.22222137451172,10473300
2024-12-03 00:00:00-05:00,101.37145730683753,101.4274324007442,101.19422300759311,101.26884460449219,2072500
2024-12-04 00:00:00-05:00,101.17557755489472,101.63266604176567,101.16624718500313,101.55804443359375,2743300
2024-12-05 00:00:00-05:00,101.33413962036214,101.51138103076883,101.30615563282122,101.43675231933594,1712900
2024-12-06 00:00:00-05:00,101.72595449860106,101.7819224834221,101.44610034052211,101.5207290649414,1557400
2024-12-09 00:00:00-05:00,101.40877330737968,101.4274340446463,101.27817661445727,101.33414459228516,1239200
2024-12-10 00:00:00-05:00,101.16623253201396,101.36213468642815,101.11026455474473,101.29682922363281,1925100
2024-12-11 00:00:00-05:00,101.29683332556957,101.39944603270901,101.09161502827689,101.1475830078125,1200500
2024-12-12 00:00:00-05:00,101.00764773012293,101.09160680958675,100.78376871319547,100.82108306884766,1836700
2024-12-13 00:00:00-05:00,100.83974462918032,100.84907499807453,100.49459926694276,100.5412368774414,1480300
2024-12-16 00:00:00-05:00,100.60653270350842,100.64384706116357,100.41063766355832,100.4292984008789,2852400
2024-12-17 00:00:00-05:00,100.35467554117466,100.50392586351792,100.32669155054695,100.37332916259766,1375700
2024-12-18 00:00:00-05:00,100.41070446657208,100.5882027204169,99.71937146920534,99.7380599975586,2634500
2024-12-19 00:00:00-05:00,99.63530181471457,99.68200888386833,99.06542282690422,99.33634948730469,5926400
2024-12-20 00:00:00-05:00,99.66333820891565,99.8128108249161,99.51385846532871,99.53254699707031,3304900
2024-12-23 00:00:00-05:00,99.4951546533462,99.53252458082666,99.32699354347659,99.4017333984375,2272500
2024-12-24 00:00:00-05:00,99.28027956069052,99.62594604492188,99.27094242448945,99.62594604492188,704400
2024-12-26 00:00:00-05:00,99.39238934336728,99.69134163625377,99.38304507958132,99.62594604492188,1175800
2024-12-27 00:00:00-05:00,99.54185646248705,99.635277705775,99.34566258572319,99.37369537353516,1359200
2024-12-30 00:00:00-05:00,99.7193737799187,99.79411363989323,99.56055692316183,99.66332244873047,6392500
2024-12-31 00:00:00-05:00,99.82213388549664,99.88752947752727,99.5325258533017,99.5418701171875,2971800
2025-01-02 00:00:00-05:00,99.75675607732167,99.9342614848712,99.61662060439235,99.69136047363281,3753600
2025-01-03 00:00:00-05:00,99.71937367204517,99.77543213075809,99.47647981876871,99.4858169555664,2283800
2025-01-06 00:00:00-05:00,99.40173995887503,99.55121255107704,99.34568150016209,99.4858169555664,4278000
2025-01-07 00:00:00-05:00,99.43911327265944,99.51384600751088,99.20555654823292,99.3270034790039,6720600
2025-01-08 00:00:00-05:00,99.38303861669735,99.70067941649954,99.34566869156859,99.58856964111328,2661800
2025-01-10 00:00:00-05:00,99.30832904004058,99.42977597932662,99.11213510549115,99.23358917236328,4238600
2025-01-13 00:00:00-05:00,99.34569184629314,99.35503611164933,99.11213510549115,99.23358917236328,1671800
2025-01-14 00:00:00-05:00,99.29896835183564,99.3083126156464,99.14015150497734,99.27094268798828,1100800
2025-01-15 00:00:00-05:00,99.86884376258159,100.00897920447419,99.77542251051473,99.96226501464844,2803400
2025-01-16 00:00:00-05:00,99.99030545315205,100.2705763783531,99.85951425541441,100.09307098388672,2669400
2025-01-17 00:00:00-05:00,100.17714632153563,100.27990471566714,100.05569227173326,100.13043212890625,1068100
2025-01-21 00:00:00-05:00,100.21451444408254,100.31727997125613,100.09306751541622,100.2051773071289,2552600
2025-01-22 00:00:00-05:00,100.24255071135013,100.26123211349021,100.0276753850179,100.09307098388672,1549800
2025-01-23 00:00:00-05:00,99.81280072634935,100.18649291992188,99.79411932408432,100.18649291992188,2548900
2025-01-24 00:00:00-05:00,100.09306414187284,100.38267218455448,100.06503847678562,100.3639907836914,1654800
2025-01-27 00:00:00-05:00,100.79372994497466,100.84978127273874,100.61622457027516,100.78438568115234,3059000
2025-01-28 00:00:00-05:00,100.709656526692,100.86847337938197,100.60689100375492,100.84978485107422,1363400
2025-01-29 00:00:00-05:00,100.89650126947834,100.94321546369277,100.44806923880977,100.72834014892578,941400
2025-01-30 00:00:00-05:00,100.87781465566776,100.99926157573032,100.7189906800968,100.83110046386719,1530500
2025-01-31 00:00:00-05:00,100.83109815855715,100.94320793976439,100.62556712346964,100.90583801269531,2848200
2025-02-03 00:00:00-05:00,101.5037522108493,101.70928326541643,101.01795024049326,101.139404296875,5060500
2025-02-04 00:00:00-05:00,100.80307282662949,101.32623755214732,100.76570289943751,101.30755615234375,3018800
2025-02-05 00:00:00-05:00,101.57848319989587,101.81203990012524,101.53176900881606,101.7559814453125,2186500
2025-02-06 00:00:00-05:00,101.69993813870421,101.73730806899829,101.49440708587947,101.5784912109375,1366000
2025-02-07 00:00:00-05:00,101.28886762495536,101.42900307002901,101.12070651638393,101.30755615234375,3189500
2025-02-10 00:00:00-05:00,101.46637308733952,101.54111294178982,101.27953057879859,101.35426330566406,1028500
2025-02-11 00:00:00-05:00,101.23282690496929,101.32624816894531,101.1767755721008,101.32624816894531,1493200
2025-02-12 00:00:00-05:00,100.9712470293808,100.98058416670105,100.70032036779331,100.71900177001953,1680900
2025-02-13 00:00:00-05:00,101.08333186634856,101.32623281795502,100.9245150288916,101.27952575683594,1669600
2025-02-14 00:00:00-05:00,101.54112475083772,101.63454601597292,101.4290149561241,101.46638488769531,2046800
2025-02-18 00:00:00-05:00,101.27953975476946,101.40098668356573,101.13006003232591,101.139404296875,1330100
2025-02-19 00:00:00-05:00,101.19545283783175,101.38229535814722,101.16742717254296,101.34493255615234,1030600
2025-02-20 00:00:00-05:00,101.44768766491688,101.66256297114194,101.41966200053645,101.55045318603516,2129300
2025-02-21 00:00:00-05:00,101.6532159270048,101.94283108204691,101.62519026339085,101.7559814453125,1114500
2025-02-24 00:00:00-05:00,101.70928270084998,101.99889075199495,101.70928270084998,101.98020935058594,1137700
2025-02-25 00:00:00-05:00,102.3912693558304,102.50337915254377,102.32587375631071,102.40995788574219,1629900
2025-02-26 00:00:00-05:00,102.43798247950016,102.61548074628732,102.32587268396168,102.49403381347656,1728200
2025-02-27 00:00:00-05:00,102.34454056181157,102.5407273187266,102.29782637453378,102.37256622314453,1194400
2025-02-28 00:00:00-05:00,102.75561782587785,103.14799855264462,102.66219655858512,103.08259582519531,2418600
2025-03-03 00:00:00-05:00,103.10127163672085,103.40956819558289,102.78363081400649,103.36285400390625,2632500
2025-03-04 00:00:00-05:00,103.59642456747515,103.60576883257765,102.92378003181268,102.99851989746094,3752200
2025-03-05 00:00:00-05:00,103.00785846629057,103.07325406321998,102.4473237600977,102.47534942626953,2822000
2025-03-06 00:00:00-05:00,102.31654009401288,102.49404550864013,102.01758773271706,102.42864990234375,1945000
2025-03-07 00:00:00-05:00,102.69020335253481,102.75559894037922,102.17638291306719,102.26045989990234,2422200
2025-03-10 00:00:00-04:00,102.73692735892755,102.88639994789072,102.63416183569684,102.7182388305664,1903400
2025-03-11 00:00:00-04:00,102.70890730721716,102.90509410021998,102.37258505418785,102.43798065185547,2341300
2025-03-12 00:00:00-04:00,102.35389061994151,102.56876592993054,102.29783929019878,102.31652069091797,3293300
2025-03-13 00:00:00-04:00,102.23244670039749,102.54074327821205,102.14836257572743,102.46600341796875,2152200
2025-03-14 00:00:00-04:00,102.28850198261975,102.3725861105375,102.1857364527123,102.22310638427734,1042900
2025-03-17 00:00:00-04:00,102.34454990408004,102.48467822353614,102.19507019321365,102.2511215209961,1838400
2025-03-18 00:00:00-04:00,102.204418620057,102.4660009971431,102.195074355851,102.36323547363281,1172200
2025-03-19 00:00:00-04:00,102.29784556367635,102.88640594482422,102.20442429918099,102.88640594482422,1391800
2025-03-20 00:00:00-04:00,103.19469606296957,103.21338459124838,102.83969242910894,102.97982788085938,2287100
2025-03-21 00:00:00-04:00,103.16667212280423,103.2040420524014,102.8583755493164,102.8583755493164,1228400
2025-03-24 00:00:00-04:00,102.76495524938402,102.79298091494746,102.54074279729107,102.59679412841797,1977500
2025-03-25 00:00:00-04:00,102.63416242434388,102.81166780686682,102.5874482307583,102.76495361328125,1165300
2025-03-26 00:00:00-04:00,102.69022950045017,102.80233930569464,102.58746396087265,102.6341781616211,1548100
2025-03-27 00:00:00-04:00,102.71822311405118,102.89572846839665,102.64349039479676,102.84901428222656,2945700
2025-03-28 00:00:00-04:00,103.15733231902288,103.48431030765515,103.1479951819088,103.37220764160156,1558500
2025-03-31 00:00:00-04:00,103.76458275806704,103.91406248512348,103.64313582552293,103.78326416015625,2755600
2025-04-01 00:00:00-04:00,103.8857468671489,104.18661941612896,103.78232125593381,103.84813690185547,3953100
2025-04-02 00:00:00-04:00,104.16782684723619,104.16782684723619,103.50966315888013,103.68830871582031,1679800
2025-04-03 00:00:00-04:00,104.57212357005957,104.78837191906896,104.27125099981804,104.33706665039062,3547500
2025-04-04 00:00:00-04:00,104.76955685286,104.84477677894868,103.9515562967213,103.98916625976562,4726000
2025-04-07 00:00:00-04:00,103.70709543456528,103.88573378049648,102.70105230314287,102.73865509033203,5648000
2025-04-08 00:00:00-04:00,102.95492368225658,103.26520051633183,102.43779562546449,102.48480987548828,3549100
2025-04-09 00:00:00-04:00,101.87365260725372,102.72926311256629,101.34712747990251,102.70105743408203,4559100
2025-04-10 00:00:00-04:00,102.39078933489066,102.56003059356125,101.42235603325183,101.47876739501953,4609000
2025-04-11 00:00:00-04:00,100.6983645379872,101.51636505126953,100.10602379114823,101.51636505126953,2989200
2025-04-14 00:00:00-04:00,102.13692609572206,102.24035171013824,101.77964217442741,102.00529479980469,3639200
2025-04-15 00:00:00-04:00,101.99588012695312,102.25914267346033,101.91125592365215,101.99588012695312,2982000
2025-04-16 00:00:00-04:00,102.07110288805022,102.37197542405887,101.94887588614165,102.2779541015625,2294400
2025-04-17 00:00:00-04:00,102.3155611939642,102.56941947491713,102.25914983672286,102.51300811767578,1942000
2025-04-21 00:00:00-04:00,102.30616228125884,102.64464478921171,101.94887837769403,101.98648834228516,2079200
2025-04-22 00:00:00-04:00,102.34377840498654,102.47540970229353,102.24035278947852,102.36258697509766,2639700
2025-04-23 00:00:00-04:00,103.25579294369145,103.31220430322978,102.49421089645536,102.6634521484375,1740500
2025-04-24 00:00:00-04:00,103.00193433921368,103.20877838134766,102.93611869549669,103.20877838134766,1658300
2025-04-25 00:00:00-04:00,103.36862823818409,103.39683391942727,103.19938697735738,103.25579833984375,1930700
2025-04-28 00:00:00-04:00,103.312210328379,103.6412957405239,103.29340893189212,103.61308288574219,1204800
2025-04-29 00:00:00-04:00,103.56606492832098,103.81052609717553,103.55666064438165,103.79171752929688,1106100
2025-04-30 00:00:00-04:00,103.76352299612356,104.0173813028176,103.65069309683308,103.91395568847656,2729600
2025-05-01 00:00:00-04:00,103.94702661550906,104.14544121414433,103.41794024117827,103.55966186523438,2383600
2025-05-02 00:00:00-04:00,103.33289662076737,103.36123949982002,102.97386759740678,103.02111053466797,1794200
2025-05-05 00:00:00-04:00,102.92664058166208,102.9833263445661,102.67154023207243,102.91719055175781,1751500
2025-05-06 00:00:00-04:00,102.95498019622862,103.24786623962012,102.8793943759145,103.22897338867188,1772200
2025-05-07 00:00:00-04:00,103.37069391073548,103.57854410201887,103.22897230120462,103.33290100097656,2185800
2025-05-08 00:00:00-04:00,103.39903942359767,103.40848224508245,102.89829597099845,102.96443176269531,1132500
2025-05-09 00:00:00-04:00,103.15338522429121,103.29510683209455,102.99277076596896,103.05890655517578,867200
2025-05-12 00:00:00-04:00,102.50146431207685,102.67152879009727,102.23692117032509,102.25582122802734,1481000
2025-05-13 00:00:00-04:00,102.24638695034106,102.50148010253906,102.1141153590886,102.50148010253906,2724200
2025-05-14 00:00:00-04:00,102.50145828852584,102.51090831682164,102.30305094387153,102.39752960205078,1815200
2025-05-15 00:00:00-04:00,102.52036520808896,102.7754583230755,102.40698648572825,102.6904296875,1668000
2025-05-16 00:00:00-04:00,102.96442758852857,102.9833204389929,102.74712016275667,102.86994171142578,1120900
2025-05-19 00:00:00-04:00,102.46368732572093,102.93608792603916,102.41645159064578,102.87940216064453,2179300
2025-05-20 00:00:00-04:00,102.62431225477803,102.78492673398485,102.49204065916521,102.72824096679688,1851600
2025-05-21 00:00:00-04:00,102.48257007009289,102.57704873254046,102.10464821204276,102.17078399658203,1870000
2025-05-22 00:00:00-04:00,102.08575695849876,102.49202170080727,102.01962117292575,102.4731216430664,2654500
2025-05-23 00:00:00-04:00,102.62429703198116,102.66208994058756,102.45423254738246,102.5676040649414,1596900
2025-05-27 00:00:00-04:00,102.74711779604057,102.94552515851757,102.67153197940357,102.8604965209961,2875500
2025-05-28 00:00:00-04:00,102.70933437046949,102.78492019408503,102.53926987146494,102.62430572509766,2367900
2025-05-29 00:00:00-04:00,102.69988311352444,102.95498346311409,102.6526473805247,102.91719055175781,1714500
2025-05-30 00:00:00-04:00,102.94553048578852,103.32345238027023,102.88884472450748,103.25731658935547,3950200
2025-06-02 00:00:00-04:00,102.90022479273179,103.05177498502941,102.74868182674507,102.90969848632812,2797100
2025-06-03 00:00:00-04:00,103.0328315595327,103.08965927067392,102.71079822798416,102.81498718261719,3669800
2025-06-04 00:00:00-04:00,103.03283501253891,103.30751433611232,102.97600729949318,103.21279907226562,2432200
2025-06-05 00:00:00-04:00,103.2601456599723,103.32644706252478,102.89075109913546,102.90969848632812,2596700
2025-06-06 00:00:00-04:00,102.69185095899856,102.84340115729893,102.36034393310547,102.36034393310547,2031700
2025-06-09 00:00:00-04:00,102.42664342033511,102.62554763214646,102.36981571019217,102.5024185180664,2846000
2025-06-10 00:00:00-04:00,102.71080570312094,102.72027217145931,102.4740139210509,102.5497817993164,1757100
2025-06-11 00:00:00-04:00,102.53085295226272,102.80553231693668,102.46455153501815,102.72028350830078,1820500
2025-06-12 00:00:00-04:00,103.00441943332174,103.08966100146473,102.90970417105912,103.0138931274414,2207700
2025-06-13 00:00:00-04:00,103.27910631993355,103.27910631993355,102.65397253583401,102.86235046386719,1633700
2025-06-16 00:00:00-04:00,102.76764476046655,103.01391026436605,102.71081703891764,102.72028350830078,1684500
2025-06-17 00:00:00-04:00,102.938121376687,103.29804227552125,102.83393241691442,103.2601547241211,3579200
2025-06-18 00:00:00-04:00,103.39276481088551,103.44959252485401,103.22227444266846,103.33592987060547,2168800
2025-06-20 00:00:00-04:00,103.23173901157074,103.6011335981931,103.17491129864773,103.5158920288086,1740800
2025-06-23 00:00:00-04:00,103.71479027011532,103.97999588354604,103.60112762451172,103.60112762451172,2846600
2025-06-24 00:00:00-04:00,103.4495883461829,103.80950923063092,103.3643395523621,103.73373413085938,2604700
2025-06-25 00:00:00-04:00,103.67691046602324,103.83792713958935,103.39276467025567,103.79057312011719,2096200
2025-06-26 00:00:00-04:00,103.90422832025196,104.11260623914522,103.8284604440002,104.09366607666016,2620800
2025-06-27 00:00:00-04:00,103.92317202037566,104.2262651935592,103.87581077637678,103.9610595703125,1547100
2025-06-30 00:00:00-04:00,104.1883697771425,104.33991996544748,104.0841808292605,104.22625732421875,4252900
2025-07-01 00:00:00-04:00,104.16923522949219,104.34031638270648,104.05518596158416,104.16923522949219,5945000
2025-07-02 00:00:00-04:00,104.02667625567497,104.13122626207087,103.97915813999234,104.1217269897461,3416700
2025-07-03 00:00:00-04:00,103.96965154085088,104.04568922751142,103.82708269120062,103.9411392211914,1776100
2025-07-07 00:00:00-04:00,103.79856842767911,103.84609379379016,103.69401842331705,103.80807495117188,1758700
2025-07-08 00:00:00-04:00,103.64649611948211,103.75104611961858,103.62748307326503,103.72252655029297,1577300
2025-07-09 00:00:00-04:00,103.77004321567125,104.1122055053711,103.75103742239986,104.1122055053711,3659600
2025-07-10 00:00:00-04:00,104.04568324625767,104.12172092854703,103.92212019969932,104.08370208740234,2378200
2025-07-11 00:00:00-04:00,103.92210455598638,103.95062412106613,103.8270610931081,103.91260528564453,2269800
2025-07-14 00:00:00-04:00,103.88411301292685,104.03618113259833,103.81758185094192,103.97915649414062,1530500
2025-07-15 00:00:00-04:00,104.28328869853635,104.28328869853635,103.6274764218383,103.7035140991211,2408100
2025-07-16 00:00:00-04:00,103.75103995142554,104.06468268183583,103.71302111260415,104.05518341064453,4479200
2025-07-17 00:00:00-04:00,104.14072388484968,104.24527388230969,104.10270504474128,104.15023040771484,1618100
2025-07-18 00:00:00-04:00,104.42587175503094,104.43537102747122,104.2167717396966,104.26428985595703,1720400
2025-07-21 00:00:00-04:00,104.5304183959961,104.69199303851302,104.4543807108048,104.5304183959961,3055900
2025-07-22 00:00:00-04:00,104.54941245762005,104.73000012684311,104.53040666413172,104.62545013427734,3951300
2025-07-23 00:00:00-04:00,104.397339149436,104.43535798850942,104.17873988895393,104.21675872802734,2282900
2025-07-24 00:00:00-04:00,104.09320779153296,104.3783454920617,103.88411502934521,104.29280853271484,2321000
2025-07-25 00:00:00-04:00,104.29278917618284,104.44485727058247,104.21675150330722,104.38783264160156,1093400
2025-07-28 00:00:00-04:00,104.27378179455172,104.3973375811702,104.23576295604941,104.25477600097656,1656400
2025-07-29 00:00:00-04:00,104.37833833524355,104.81554412841797,104.36883181218364,104.81554412841797,2326800
2025-07-30 00:00:00-04:00,104.5969392870859,104.77751970749266,104.36882625391095,104.40684509277344,3846800
2025-07-31 00:00:00-04:00,104.53989935654772,104.6254435502419,104.22625664993976,104.23575592041016,3608800
2025-08-01 00:00:00-04:00,104.82074071650746,104.99223468027238,104.61114344421647,104.96365356445312,3766800
2025-08-04 00:00:00-04:00,105.03987560199128,105.35428241634425,104.99223556265922,105.2685317993164,3014900
2025-08-05 00:00:00-04:00,105.18280064194,105.30665458216895,105.15421952256796,105.17327117919922,1800300
2025-08-06 00:00:00-04:00,105.08753204345703,105.23043764605913,104.87792746783983,105.08753204345703,1856200
2025-08-07 00:00:00-04:00,105.12562972790737,105.20185089111328,105.020834714562,105.20185089111328,1606300
2025-08-08 00:00:00-04:00,105.04941137079469,105.20184642188049,104.92555016863446,105.1351547241211,1831600
2025-08-11 00:00:00-04:00,105.21137588408894,105.3066486996238,105.1351547241211,105.1351547241211,1624700
2025-08-12 00:00:00-04:00,104.83027850595029,105.02083140796547,104.75405734514422,104.95413970947266,2526100
2025-08-13 00:00:00-04:00,105.27807265959805,105.42098552421824,105.26854319692997,105.35429382324219,1598200
2025-08-14 00:00:00-04:00,105.230432113962,105.26854269560258,105.03035701198668,105.03988647460938,2203400
2025-08-15 00:00:00-04:00,105.03036651841556,105.06847710350556,104.75407022815118,104.8398208618164,1745900
2025-08-18 00:00:00-04:00,104.85885488754272,104.85885488754272,104.60161756750415,104.72547149658203,1721300
2025-08-19 00:00:00-04:00,104.83027648925781,104.90649764859756,104.81122483384779,104.83027648925781,2263600
2025-08-20 00:00:00-04:00,104.8493377788041,105.04941287494705,104.8493377788041,104.94461059570312,2369300
2025-08-21 00:00:00-04:00,104.8969618712584,105.01129360338481,104.7349973690497,104.96365356445312,3563000
2025-08-22 00:00:00-04:00,105.08751922455347,105.70679614388948,105.05893083866977,105.67821502685547,3388300
2025-08-25 00:00:00-04:00,105.506730533664,105.58295169850157,105.44003883164372,105.4781494140625,4332700
2025-08-26 00:00:00-04:00,105.52578549715442,105.78302283275987,105.46861599124759,105.72586059570312,5345700
2025-08-27 00:00:00-04:00,105.71633514158034,106.01168306937205,105.64964343953544,105.96405029296875,2106700
2025-08-28 00:00:00-04:00,105.98309116076793,106.08789343457691,105.9449805822147,106.03073120117188,3876100
2025-08-29 00:00:00-04:00,106.05931758357875,106.07836923937644,105.90688253064724,105.9164047241211,2847300
2025-09-02 00:00:00-04:00,105.65533197822506,105.77008689818331,105.61707790616624,105.72227478027344,5710700
2025-09-03 00:00:00-04:00,105.72228225099536,106.07611967416099,105.71271690825019,105.96136474609375,4699700
2025-09-04 00:00:00-04:00,106.06655442462852,106.14305527273858,105.94222686604049,106.12393188476562,3919500
2025-09-05 00:00:00-04:00,106.50647073168285,106.59253692626953,106.46821665757146,106.59253692626953,4068800
2025-09-08 00:00:00-04:00,106.76468058152803,106.84118873259564,106.67861438374112,106.8125,3818200
2025-09-09 00:00:00-04:00,106.79335962170857,106.87943310790244,106.58296587347712,106.60209655761719,4938800
2025-09-10 00:00:00-04:00,106.6977361479685,106.90812991208985,106.61166995149271,106.76467895507812,4601200
2025-09-11 00:00:00-04:00,106.88899393911413,107.07069896208864,106.87943589301324,106.93681335449219,4158700
2025-09-12 00:00:00-04:00,106.82203894719272,106.84116962964853,106.69771869610017,106.79335021972656,2049100
2025-09-15 00:00:00-04:00,106.86030549715036,107.00375644745377,106.86030549715036,106.8985595703125,3587000
2025-09-16 00:00:00-04:00,106.97505538570513,107.0706869094779,106.917677930685,106.99417877197266,5346500
2025-09-17 00:00:00-04:00,107.05158129128043,107.35760659587689,106.78381006178587,106.92725372314453,5676100
2025-09-18 00:00:00-04:00,106.69773351590749,106.83161912682401,106.4682163680818,106.63079071044922,4223100
2025-09-19 00:00:00-04:00,106.61166410703365,106.66904156820539,106.44908247334976,106.57341003417969,1336600
2025-09-22 00:00:00-04:00,106.46821710274943,106.49690583439829,106.2960774166377,106.31520080566406,2076400
2025-09-23 00:00:00-04:00,106.43952222351768,106.60209655761719,106.34388339525378,106.60209655761719,2856900
2025-09-24 00:00:00-04:00,106.54472053885573,106.56384392703627,106.37258086035769,106.41082763671875,2236400
2025-09-25 00:00:00-04:00,106.25781629188577,106.31519375137633,106.09524195918375,106.23868560791016,4019900
2025-09-26 00:00:00-04:00,106.30564717767044,106.42996745205548,106.16219621724527,106.25782775878906,2790000
2025-09-29 00:00:00-04:00,106.35344667330938,106.43952015783282,106.30563455632354,106.3917007446289,2524800
2025-09-30 00:00:00-04:00,106.4012759254428,106.53516153933249,106.32476777572906,106.36302185058594,2985100
2025-10-01 00:00:00-04:00,106.62935608247571,106.68683587460471,106.44732699509261,106.5527114868164,3796100
2025-10-02 00:00:00-04:00,106.53354641454669,106.63893090600465,106.48564902430367,106.50480651855469,3162400
2025-10-03 00:00:00-04:00,106.59104102650352,106.61978092452063,106.38027202873616,106.38985443115234,2184000
2025-10-06 00:00:00-04:00,106.26529686920398,106.39942125568152,106.18865227429372,106.20781707763672,2262400
2025-10-07 00:00:00-04:00,106.33235983337175,106.57186871227967,106.29403753563878,106.50480651855469,2714900
2025-10-08 00:00:00-04:00,106.69641067191614,106.7059857637679,106.54312149152275,106.5814437866211,2273300
2025-10-09 00:00:00-04:00,106.57186876371098,106.60060865971685,106.4281619744507,106.4569091796875,2491400
2025-10-10 00:00:00-04:00,106.74430889671618,106.97424266911104,106.69641150939012,106.83053588867188,4018900
2025-10-13 00:00:00-04:00,106.87844164130095,107.09879302978516,106.77305714801257,107.09879302978516,2206300
2025-10-14 00:00:00-04:00,106.91675586437457,107.07004504639119,106.88801597005408,106.98381805419922,4469200
2025-10-15 00:00:00-04:00,107.11795768094083,107.19460228285868,106.83055138759622,106.95509338378906,3018700
2025-10-16 00:00:00-04:00,106.88802437559698,107.22333535108865,106.85928447901642,107.20417785644531,2687300
2025-10-17 00:00:00-04:00,107.21374430070831,107.22331939198929,106.96465305203301,106.99339294433594,1739700
2025-10-20 00:00:00-04:00,107.07962047964517,107.1083676832878,107.01255828960677,107.08920288085938,2108500
2025-10-21 00:00:00-04:00,107.33829474638293,107.4053569367953,107.29997245054292,107.31912994384766,2702400
2025-10-22 00:00:00-04:00,107.41493986561166,107.52989944446571,107.32871287224052,107.4915771484375,2898200
2025-10-23 00:00:00-04:00,107.40536474251446,107.46284453583655,107.24250045528116,107.28082275390625,2645900
2025-10-24 00:00:00-04:00,107.21375281580949,107.31912999287944,107.07004603365145,107.27123260498047,1706700
2025-10-27 00:00:00-04:00,107.22333550127452,107.28082260374724,107.08921111088998,107.24250030517578,2753600
2025-10-28 00:00:00-04:00,107.24250040283248,107.33830249473279,107.21376050618548,107.32872009277344,2608700
2025-10-29 00:00:00-04:00,107.23291650034116,107.33830099272618,106.71557644024135,106.76348114013672,2976500
2025-10-30 00:00:00-04:00,106.4952314592399,106.72515793647851,106.48564905749595,106.5335464477539,3977100
2025-10-31 00:00:00-04:00,106.64851386006207,106.73474085771556,106.59103406778038,106.70599365234375,2249300
2025-11-03 00:00:00-05:00,106.63006591796875,106.71656596511559,106.53394497714127,106.63006591796875,3887200
2025-11-04 00:00:00-05:00,106.64929012387783,106.77423708593147,106.62045677363457,106.6781234741211,4858700
2025-11-05 00:00:00-05:00,106.52433767143349,106.56278458077574,106.25521663903581,106.28404998779297,3908700
2025-11-06 00:00:00-05:00,106.54355434739759,106.6492815117509,106.51472099948266,106.5723876953125,2394500
2025-11-07 00:00:00-05:00,106.3993944615927,106.67812908359855,106.3993944615927,106.59162902832031,3097600
2025-11-10 00:00:00-05:00,106.57239293364103,106.63006696530363,106.5147262349767,106.61083984375,2354200
2025-11-11 00:00:00-05:00,106.83190351838398,107.0433578491211,106.77422948900241,107.0433578491211,3902000
2025-11-12 00:00:00-05:00,106.83189496593366,106.91839500358422,106.76461471453962,106.81266784667969,3297900
2025-11-13 00:00:00-05:00,106.6877284199701,106.77422846371485,106.5723876953125,106.5723876953125,2215500
2025-11-14 00:00:00-05:00,106.77423647535507,106.81268338645907,106.428228941416,106.44744873046875,3059200
2025-11-17 00:00:00-05:00,106.5435533616254,106.56278048205607,106.45705331868098,106.46665954589844,2044000
2025-11-18 00:00:00-05:00,106.60123024321676,106.66851050052922,106.42822281969931,106.5435562133789,4616900
2025-11-19 00:00:00-05:00,106.58201164878375,106.60123877126722,106.38017086069922,106.40900421142578,2472400
2025-11-20 00:00:00-05:00,106.5243420284294,106.61084207823885,106.35133459581206,106.45706176757812,3091600
2025-11-21 00:00:00-05:00,106.72618970864848,106.73580327024811,106.57240205505008,106.70696258544922,2651000
2025-11-24 00:00:00-05:00,106.82228513655598,106.82228513655598,106.70694441599673,106.7550048828125,2619500
2025-11-25 00:00:00-05:00,106.74540195548116,106.98568964749909,106.72618216663903,106.9472427368164,3404200
2025-11-26 00:00:00-05:00,106.95684959115471,107.17791748046875,106.82228907870198,107.17791748046875,3805900
2025-11-28 00:00:00-05:00,107.14909931745953,107.18753889818107,106.90881160645544,106.9376449584961,1830000
2025-12-01 00:00:00-05:00,106.63110214478876,106.68893622217081,106.51542663574219,106.51542663574219,3198500
2025-12-02 00:00:00-05:00,106.54434204101562,106.64073461993542,106.52506646694462,106.54434204101562,4068000
2025-12-03 00:00:00-05:00,106.67929767844922,106.81424876555691,106.64073917437806,106.78533172607422,2541200
2025-12-04 00:00:00-05:00,106.69858087431062,106.70821498464048,106.611822401363,106.64073944091797,2243300
2025-12-05 00:00:00-05:00,106.70820924346317,106.71785070755699,106.46722412109375,106.46722412109375,3672300
2025-12-08 00:00:00-05:00,106.4575840797008,106.4575840797008,106.17804047081395,106.25515747070312,2101000
2025-12-09 00:00:00-05:00,106.36118622447617,106.39011061570943,106.12020111083984,106.12020111083984,5181700
2025-12-10 00:00:00-05:00,106.0623708805409,106.4865070492814,106.05272941644708,106.46722412109375,3503000
2025-12-11 00:00:00-05:00,106.63109731567985,106.6889313904427,106.38047073457057,106.41902923583984,3661200
2025-12-12 00:00:00-05:00,106.20695750720192,106.26479157997787,106.15875754370072,106.25515747070312,2379100
2025-12-15 00:00:00-05:00,106.37083233779887,106.43830787839518,106.17804718017578,106.17804718017578,2229400
2025-12-16 00:00:00-05:00,106.04309238092716,106.28407749664785,106.02380945327154,106.19731903076172,5094500
2025-12-17 00:00:00-05:00,106.17805245214582,106.32264500468365,106.15876952285666,106.31300354003906,1831100
2025-12-18 00:00:00-05:00,106.3611926236801,106.52506810006669,106.21660743022498,106.51542663574219,4253800
2025-12-19 00:00:00-05:00,106.45933956391795,106.45933956391795,106.23694906804445,106.30463409423828,2940500
2025-12-22 00:00:00-05:00,106.23695305580071,106.25628847381849,106.10158299833172,106.1499252319336,2116000
2025-12-23 00:00:00-05:00,105.95653941058988,106.23695091745,105.94686801321825,106.19827270507812,1914900
2025-12-24 00:00:00-05:00,106.3723196942215,106.45934013817673,106.3336414823143,106.42066192626953,877800
2025-12-26 00:00:00-05:00,106.53669413639899,106.55602955335506,106.34331045838053,106.41099548339844,1357100
2025-12-29 00:00:00-05:00,106.49801903237008,106.54636864184249,106.44966942289768,106.5076904296875,1572100
2025-12-30 00:00:00-05:00,106.45934309909228,106.5753777380411,106.43033628363378,106.48834991455078,1723000
2025-12-31 00:00:00-05:00,106.35297618240857,106.52702444625976,106.25628434185002,106.27562713623047,2927800
2026-01-02 00:00:00-05:00,106.3626420788954,106.37231347558546,106.21760063700135,106.2272720336914,2787700
2026-01-05 00:00:00-05:00,106.33364483388188,106.53669991995886,106.29496662075557,106.51736450195312,2084800
2026-01-06 00:00:00-05:00,106.47868828465207,106.52703051912994,106.31430403150534,106.44001007080078,3737900
2026-01-07 00:00:00-05:00,106.63339219165886,106.66239900734115,106.46901531804927,106.60438537597656,3603400
2026-01-08 00:00:00-05:00,106.4303331801168,106.50768960382696,106.3819835710193,106.39165496826172,2414000
2026-01-09 00:00:00-05:00,106.44000554573522,106.61405381210925,106.37232051865169,106.53669738769531,2589200
2026-01-12 00:00:00-05:00,106.50769057281875,106.61405381210925,106.47868375794219,106.53669738769531,1558700
2026-01-13 00:00:00-05:00,106.65273512920831,106.71074876065033,106.54637188682135,106.63339233398438,2589900
2026-01-14 00:00:00-05:00,106.73007737202529,106.88479021549034,106.73007737202529,106.74942016601562,1879900
2026-01-15 00:00:00-05:00,106.77842854088384,106.7880999380204,106.58504486083984,106.58504486083984,2645900
2026-01-16 00:00:00-05:00,106.61405780732892,106.6527360209853,106.38198852539062,106.38198852539062,2318600
2026-01-20 00:00:00-05:00,106.08223977585004,106.2369526278284,106.05323296038281,106.06290435791016,2445300
2026-01-21 00:00:00-05:00,106.18860056946463,106.48834749186945,106.12091554256307,106.47868347167969,4361600
2026-01-22 00:00:00-05:00,106.38199373296503,106.54637799333027,106.33365149636433,106.37232971191406,4034100
2026-01-23 00:00:00-05:00,106.39165380368135,106.61405167513499,106.37231838652275,106.58504486083984,5141400
2026-01-26 00:00:00-05:00,106.6914090658165,106.76876549473037,106.63339543268863,106.73008728027344,2785700
2026-01-27 00:00:00-05:00,106.76876816982976,106.8364532025465,106.73008995440374,106.73976135253906,2042000
2026-01-28 00:00:00-05:00,106.77842979903855,106.80743661367548,106.59471013685186,106.78810119628906,2449000
2026-01-29 00:00:00-05:00,106.83644881134295,107.02983988052429,106.8171133929823,106.8654556274414,2024100
2026-01-30 00:00:00-05:00,106.80743943155116,106.8944672548726,106.73008300573541,106.8267822265625,2285100
2026-02-02 00:00:00-05:00,106.7784410079258,106.78811240619156,106.5173722716736,106.54637908935547,4416400
2026-02-03 00:00:00-05:00,106.59470717858363,106.75909141882184,106.59470717858363,106.72041320800781,1651200
2026-02-04 00:00:00-05:00,106.57537856029427,106.7010772206225,106.5657071626952,106.60438537597656,4072200
2026-02-05 00:00:00-05:00,106.75910257340156,106.92347945370007,106.69141016456847,106.90413665771484,2319200
2026-02-06 00:00:00-05:00,106.93313399462782,107.01049041748047,106.82677813459858,107.01049041748047,2478600
2026-02-09 00:00:00-05:00,106.942813692579,107.11686196894968,106.8944714573797,107.09752655029297,2712500
2026-02-10 00:00:00-05:00,107.32958716925398,107.41660761783548,107.2425667206725,107.31991577148438,2026200
2026-02-11 00:00:00-05:00,107.17486557847818,107.32957842172259,107.10718055383734,107.14585876464844,1771800
2026-02-12 00:00:00-05:00,107.23288682671107,107.59064736757584,107.21354403270439,107.5713119506836,2401200
2026-02-13 00:00:00-05:00,107.69702415842002,107.75504517062835,107.57132549001344,107.70669555664062,4662700
2026-02-17 00:00:00-05:00,107.63899950867612,107.64867090590707,107.52296487324858,107.5519790649414,1844000
2026-02-18 00:00:00-05:00,107.5423123377304,107.60999736705703,107.45528451310192,107.48429870605469,1939700
2026-02-19 00:00:00-05:00,107.45527731798683,107.65833239237035,107.44561329809791,107.5713119506836,2665300
2026-02-20 00:00:00-05:00,107.62932528993926,107.62932528993926,107.31990698069181,107.51329803466797,3085100
2026-02-23 00:00:00-05:00,107.61000061035156,107.7743774897969,107.57132239569704,107.61000061035156,2315600
2026-02-24 00:00:00-05:00,107.64866866075769,107.67767547473095,107.53263402775019,107.62932586669922,1227200
2026-02-25 00:00:00-05:00,107.60033002891748,107.77437830762598,107.58099461000107,107.72603607177734,1549000
2026-02-26 00:00:00-05:00,107.84205738276067,108.02577704933707,107.83238598527907,108.01610565185547,1545200
2026-02-27 00:00:00-05:00,108.27718017621744,108.27718017621744,108.09346051230128,108.18048095703125,2462700
2026-03-02 00:00:00-05:00,108.13213435621437,108.13213435621437,107.63899639132242,107.88072967529297,3321700
2026-03-03 00:00:00-05:00,107.62932203556808,107.93874033545968,107.60031522262733,107.81304168701172,2735100
2026-03-04 00:00:00-05:00,107.78403842207044,107.79370981907378,107.56164055368026,107.5713119506836,1760700
2026-03-05 00:00:00-05:00,107.40694256305912,107.63900446749045,107.36826434946808,107.54231262207031,2495500
2026-03-06 00:00:00-05:00,107.63899809132894,108.01610143010967,107.60031988002906,107.745361328125,2774400
2026-03-09 00:00:00-04:00,107.83238288496376,108.00643114905446,107.66800601807661,107.9194107055664,4620200
2026-03-10 00:00:00-04:00,107.8420570169092,107.86139981180676,107.5326386925809,107.5616455078125,2975400
2026-03-11 00:00:00-04:00,107.58098222882273,107.58098222882273,107.35858436274553,107.39726257324219,2860600
2026-03-12 00:00:00-04:00,107.40693567345825,107.51329890973224,107.13619557280245,107.26189422607422,2417700
2026-03-13 00:00:00-04:00,107.21355595891798,107.2715769702777,107.00083684098311,107.04917907714844,2274900
2026-03-16 00:00:00-04:00,107.34891791809012,107.41660294530315,107.21354786366406,107.3875961303711,2260600
2026-03-17 00:00:00-04:00,107.59065357273576,107.79371603594508,107.54231133915985,107.76470184326172,1821600
2026-03-18 00:00:00-04:00,107.82272159912638,107.87106383214079,107.5326386925809,107.5616455078125,3350700
2026-03-19 00:00:00-04:00,107.3489234065498,107.5519858756856,107.28123837587621,107.43595123291016,4816200
2026-03-20 00:00:00-04:00,107.05884501766768,107.06851641525381,106.5463716023252,106.57537841796875,4004100
2026-03-23 00:00:00-04:00,106.44967986092873,106.7397627919782,106.36265940788311,106.54637908935547,5753600
2026-03-24 00:00:00-04:00,106.24661493770695,106.4303346021947,106.05323125296223,106.19827270507812,4523500
2026-03-25 00:00:00-04:00,106.46901489126654,106.52702852239857,106.29496662075557,106.51736450195312,4294500
2026-03-26 00:00:00-04:00,106.47868124131766,106.56570168389061,106.13058471679688,106.13058471679688,3267700
2026-03-27 00:00:00-04:00,106.02422079641441,106.23694726859603,105.95653577136703,106.0435562133789,3071300
2026-03-30 00:00:00-04:00,106.71075172014581,106.8654572006534,106.65273808709486,106.70108032226562,3452800
2026-03-31 00:00:00-04:00,106.98148687628975,107.02016508889943,106.6914039702745,106.71074676513672,5512500
2026-04-01 00:00:00-04:00,106.66239715509592,106.8654522384607,106.63339033991734,106.71074676513672,3328400
2026-04-02 00:00:00-04:00,106.8751186660851,107.1652015586112,106.82677643540703,107.14585876464844,1976700
2026-04-06 00:00:00-04:00,106.9814919070075,107.17487560203487,106.942813692579,107.09752655029297,1533000
2026-04-07 00:00:00-04:00,107.0491801729595,107.29091348760636,106.73976182529614,107.22322845458984,1765900
2026-04-08 00:00:00-04:00,107.39726681130925,107.40693820859366,107.13619810154755,107.24256134033203,2723900
2026-04-09 00:00:00-04:00,107.18454556949644,107.38760065969987,107.08785372327314,107.29090881347656,1862300
2026-04-10 00:00:00-04:00,107.31991591326003,107.43595055530365,107.25223088301335,107.34892272949219,2252200
2026-04-13 00:00:00-04:00,107.41660686732199,107.6293333540771,107.3682646330417,107.60032653808594,1574900
2026-04-14 00:00:00-04:00,107.58097995108744,107.85172004171753,107.57130855438946,107.84204864501953,2181600
2026-04-15 00:00:00-04:00,107.80337495651757,107.81304635362116,107.67767630262883,107.745361328125,1815500
2026-04-16 00:00:00-04:00,107.77436673614278,107.813044946938,107.48429122085014,107.51329803466797,1588700
2026-04-17 00:00:00-04:00,107.74536681979626,107.80338045114573,107.64867497517552,107.79371643066406,1507600
2026-04-20 00:00:00-04:00,107.79372110365757,107.80338512455819,107.61967282494909,107.72603607177734,1463400
2026-04-21 00:00:00-04:00,107.65833988572851,107.70668949699605,107.49396301080277,107.54231262207031,1064200
2026-04-22 00:00:00-04:00,107.80338740750072,107.86140841970905,107.68736013731476,107.70669555664062,1435200
2026-04-23 00:00:00-04:00,107.84205146460395,107.90973648903113,107.63899639132242,107.88072967529297,1074100
2026-04-24 00:00:00-04:00,107.82271503385633,108.14179735908989,107.72602319660027,108.1031265258789,1133300
2026-04-27 00:00:00-04:00,108.03544873207217,108.18048280910511,107.99677051915845,108.0741195678711,2115800
2026-04-28 00:00:00-04:00,108.04511018715506,108.04511018715506,107.85172650429276,108.03544616699219,1535900
2026-04-29 00:00:00-04:00,107.9000792583608,107.93875747412791,107.63901052332703,107.70669555664062,1201200
2026-04-30 00:00:00-04:00,107.78404278721088,107.94841965735256,107.72602915707022,107.87106323242188,1958400
2026-05-01 00:00:00-04:00,108.13442606956566,108.34822769132404,108.07611923250408,108.21217346191406,1507700
2026-05-04 00:00:00-04:00,108.13442067514168,108.13442067514168,107.89146564697265,108.01780700683594,1214600
2026-05-05 00:00:00-04:00,107.97892954004473,108.05667692579827,107.91090243111009,107.94005584716797,1442900
2026-05-06 00:00:00-04:00,108.07611384098881,108.10526725806525,107.95949275828401,108.01780700683594,1538800
2026-05-07 00:00:00-04:00,108.10527305630582,108.10527305630582,107.82344431878592,107.90119171142578,1529900
2026-05-08 00:00:00-04:00,108.2607650756836,108.29963877101035,108.17329740759855,108.2607650756836,1142700
2026-05-11 00:00:00-04:00,108.21216776150922,108.24132117850428,108.12470751052409,108.17329406738281,1753000
2026-05-12 00:00:00-04:00,108.1441424550333,108.1441424550333,107.92062797807539,107.98865509033203,1253000
2026-05-13 00:00:00-04:00,108.03724164800155,108.07611534277666,107.89146714619469,107.98865509033203,869600
2026-05-14 00:00:00-04:00,108.10526648641677,108.15386045746334,107.86231145998192,107.88175201416016,3152500
2026-05-15 00:00:00-04:00,107.48329882722088,107.54161307352024,107.35696488663669,107.4930191040039,7481100
2026-05-18 00:00:00-04:00,107.46387211980567,107.5416195099255,107.27922392187085,107.36669158935547,2490200
2026-05-19 00:00:00-04:00,107.04598428899199,107.16259795445973,106.8419029600246,107.00711059570312,2623600
2026-05-20 00:00:00-04:00,107.00710559641564,107.33752085233597,106.99738531994784,107.25978088378906,2915600
2026-05-21 00:00:00-04:00,107.19175377731143,107.27921402232616,107.04597928788837,107.25978088378906,2792500
2026-05-22 00:00:00-04:00,107.39584972991696,107.42500314889415,107.01684045441436,107.2695083618164,1410800
2026-05-26 00:00:00-04:00,107.58048432412478,107.7165385477803,107.51245721229702,107.69710540771484,2183700
2026-05-27 00:00:00-04:00,107.73598372921714,107.88175823636556,107.70683031066734,107.75541687011719,1961900
2026-05-28 00:00:00-04:00,107.93033784225469,108.13441917335449,107.84287759224004,108.04695892333984,1702800
2026-05-29 00:00:00-04:00,108.0372371466883,108.15385822615467,107.97893031415454,108.07611083984375,3078300
2026-06-01 00:00:00-04:00,108.01517033079877,108.13313968274069,107.90702675778893,108.1233139038086,1843900
2026-06-02 00:00:00-04:00,108.25110788486002,108.26094116360093,108.10363870612237,108.11347198486328,1386500
2026-06-03 00:00:00-04:00,107.95618047675666,108.05449827294956,107.82837784253854,107.91685485839844,1077200
2026-06-04 00:00:00-04:00,107.98566619217685,108.00533275044711,107.87753012406765,107.92668151855469,1483200
2026-06-05 00:00:00-04:00,107.57276026414733,107.63175243934461,107.40563201904297,107.40563201904297,1816400
2026-06-08 00:00:00-04:00,107.65141503145263,107.67107409010083,107.27783291237948,107.28765869140625,2522600
2026-06-09 00:00:00-04:00,107.49410821556853,107.55310039031833,107.34664653017995,107.47444915771484,2372800
2026-06-10 00:00:00-04:00,107.61208195958312,107.71039224720379,107.36630249023438,107.36630249023438,1522100
2026-06-11 00:00:00-04:00,107.48427918613658,107.80870988536796,107.36630234079948,107.74971771240234,1873900
2026-06-12 00:00:00-04:00,107.63175699743104,107.76939291106271,107.54327248118511,107.75955963134766,2610300
2026-06-15 00:00:00-04:00,107.85786167462827,107.92667962617891,107.78904372307761,107.90702056884766,1183100
2026-06-16 00:00:00-04:00,107.87752823255369,108.01516413565498,107.81853605937158,107.90702056884766,1022800
2026-06-17 00:00:00-04:00,107.96601037539072,107.96601037539072,107.17951303404627,107.18934631347656,2044500
2026-06-18 00:00:00-04:00,107.46461506437906,107.68090220210296,107.43512272752476,107.54326629638672,2912100
2026-06-22 00:00:00-04:00,107.40563237902641,107.41546565835799,107.09103494576608,107.10086822509766,1156400
2026-06-23 00:00:00-04:00,107.10086431158393,107.2090078784963,107.04187213834454,107.06153869628906,2626000
2026-06-24 00:00:00-04:00,107.27782857680049,107.49410821556853,107.20901062342104,107.47444915771484,1243900
2026-06-25 00:00:00-04:00,107.72023091870615,107.90702572495242,107.6415796844346,107.65141296386719,2946700
2026-06-26 00:00:00-04:00,107.70057602550784,107.89719661819602,107.68090946588214,107.84803771972656,2678900
2026-06-29 00:00:00-04:00,107.92668562326037,108.05449575509505,107.92668562326037,108.04466247558594,2428700
2026-06-30 00:00:00-04:00,107.98567027785441,108.00533683686876,107.58259582519531,107.58259582519531,4145000
2026-07-01 00:00:00-04:00,107.50119344030387,107.66995330630981,107.37214311462057,107.38206481933594,1690900
2026-07-02 00:00:00-04:00,107.52104262734225,107.64017124632007,107.45155282639361,107.54090118408203,2011700
2026-07-06 00:00:00-04:00,107.64016939787763,107.6997299194336,107.5111190765663,107.6997299194336,1346000
2026-07-07 00:00:00-04:00,107.5706832424134,107.5706832424134,107.32250429576216,107.38206481933594,1755100
2026-07-08 00:00:00-04:00,107.3026414180286,107.33242925243644,107.19344965381354,107.262939453125,941700
2026-07-09 00:00:00-04:00,107.35228659153739,107.43170567368742,107.30264777173849,107.33243560791016,1170800
2026-07-10 00:00:00-04:00,107.292722576437,107.36221237760253,107.19345251388914,107.34235382080078,1162700
2026-07-13 00:00:00-04:00,107.26294200427213,107.26294200427213,107.03461404463535,107.12396240234375,1153800
2026-07-14 00:00:00-04:00,107.16366798556126,107.34235713318955,107.12396601837322,107.22323608398438,1451500
2026-07-15 00:00:00-04:00,107.20337205972817,107.3721394938634,107.20337205972817,107.28279113769531,1900400
2026-07-16 00:00:00-04:00,107.19345436402148,107.26294416638638,107.1338862664084,107.18352508544922,863900
2026-07-17 00:00:00-04:00,107.48133087158203,107.58060850559337,107.38206081139079,107.48133087158203,1788800
2026-07-20 00:00:00-04:00,107.40191905174788,107.43169931233562,107.2232299144013,107.262939453125,1010500
2026-07-21 00:00:00-04:00,107.2133058680781,107.22323514669857,107.0544677054323,107.09417724609375,1487900
2026-07-22 00:00:00-04:00,107.16366686793268,107.1735961465364,106.9750560173847,106.98497772216797,1743300
2026-07-23 00:00:00-04:00,106.75665480923652,106.86585414983661,106.69709428666204,106.70701599121094,2261200
2026-07-24 00:00:00-04:00,106.7665882828667,106.95519913637058,106.71694946289062,106.71694946289062,1220700
2026-07-27 00:00:00-04:00,106.78643908722987,106.84599961204468,106.60774993896484,106.60774993896484,1262000
2026-07-28 00:00:00-04:00,106.71694766544503,107.01476543264423,106.6970966820813,106.87578582763672,2765800
2026-07-29 00:00:00-04:00,106.85592739560141,107.22323496573453,106.69709680704415,106.98497772216797,1759400
2026-07-30 00:00:00-04:00,107.04454092162197,107.1041014428779,106.88570276651268,106.95519256591797,2203000
2026-07-31 00:00:00-04:00,106.76658153839568,106.84599304199219,106.55810456672214,106.84599304199219,3868300
2026-08-03 00:00:00-04:00,106.88999938964844,106.97000122070312,106.76000213623047,106.86000061035156,2609900
2026-08-04 00:00:00-04:00,107.0999984741211,107.12999725341797,106.98999786376953,107.05000305175781,2324900
2026-08-05 00:00:00-04:00,107.05000305175781,107.11000061035156,106.91999816894531,107.0,1768800
2026-08-06 00:00:00-04:00,106.94000244140625,106.97000122070312,106.80000305175781,106.87000274658203,1962900
2026-08-07 00:00:00-04:00,107.11000061035156,107.13999938964844,106.98999786376953,107.08000183105469,1146300
2026-08-10 00:00:00-04:00,106.95999908447266,107.0,106.8499984741211,106.86000061035156,1137300
2026-08-11 00:00:00-04:00,106.87999725341797,106.98999786376953,106.80000305175781,106.88999938964844,1978600
2026-08-12 00:00:00-04:00,107.05000305175781,107.06999969482422,106.9000015258789,106.91999816894531,1132500
2026-08-13 00:00:00-04:00,107.12000274658203,107.30999755859375,107.08000183105469,107.16000366210938,1616400
2026-08-14 00:00:00-04:00,107.12999725341797,107.16999816894531,106.93000030517578,106.98999786376953,1332600
2026-08-17 00:00:00-04:00,106.94000244140625,107.0199966430664,106.75,106.7699966430664,1466900
2026-08-18 00:00:00-04:00,106.7699966430664,107.04000091552734,106.7300033569336,107.0199966430664,1689900
2026-08-19 00:00:00-04:00,107.45999908447266,107.5199966430664,107.29139709472656,107.5199966430664,2876745
